,code,pe_ratio
0,300372.XSHE,-4.49
1,300656.XSHE,28.86
2,603269.XSHG,37.14
3,300653.XSHE,39.47
4,002873.XSHE,30.23
5,300029.XSHE,-37.67
6,300649.XSHE,82.49
7,600385.XSHG,4102.3301
8,000995.XSHE,-15.97
9,600768.XSHG,106.2
10,300321.XSHE,71.53
11,002248.XSHE,-9.34
12,600423.XSHG,-3.24
13,000502.XSHE,86.29
14,300489.XSHE,76.03
15,600301.XSHG,187.58
16,300483.XSHE,207.65
17,000691.XSHE,2362.0801
18,300354.XSHE,-7183.2002
19,600561.XSHG,-20.05
20,300330.XSHE,-71.33
21,600847.XSHG,-57.92
22,300417.XSHE,66.96
23,600817.XSHG,667.89
24,002207.XSHE,-296.34
25,600506.XSHG,-331.25
26,300106.XSHE,-42.89
27,002715.XSHE,125.56
28,300243.XSHE,184.31
29,600605.XSHG,92.26
30,600213.XSHG,30.87
31,002057.XSHE,59.2
32,600444.XSHG,74.04
33,600306.XSHG,7.99
34,600573.XSHG,404.55
35,000702.XSHE,566.34
36,002627.XSHE,51.57
37,600448.XSHG,270.41
38,300220.XSHE,349.07
39,600796.XSHG,111.04
40,002473.XSHE,-75.35
41,002667.XSHE,-165.68
42,300313.XSHE,-20.17
43,600696.XSHG,-5.9
44,600778.XSHG,-6.24
45,000668.XSHE,-58.35
46,000713.XSHE,1939.9
47,000929.XSHE,150.22
48,300022.XSHE,228.86
49,300405.XSHE,160.67
50,300218.XSHE,52.28
51,600128.XSHG,128.67
52,300305.XSHE,39.33
53,002871.XSHE,48.89
54,002209.XSHE,-61.35
55,600371.XSHG,48.08
56,300652.XSHE,36.2
57,300169.XSHE,133.81
58,002760.XSHE,-881.53
59,600455.XSHG,-289.52
60,600593.XSHG,80.06
61,300387.XSHE,32.09
62,600980.XSHG,76.84
63,000610.XSHE,194.77
64,600152.XSHG,-41.18
65,002660.XSHE,-2627.1101
66,000622.XSHE,55.62
67,000695.XSHE,-131.62
68,300126.XSHE,391.47
69,000785.XSHE,460.87
70,000779.XSHE,173.89
71,600689.XSHG,19.52
72,600540.XSHG,-5.96
73,002580.XSHE,55.52
74,600250.XSHG,-332.88
75,300046.XSHE,61.12
76,600145.XSHG,-1677.48
77,002725.XSHE,68.39
78,002778.XSHE,88.26
79,600766.XSHG,893.38
80,300211.XSHE,1361.37
81,300452.XSHE,59.15
82,600234.XSHG,272.87
83,600189.XSHG,-18.11
84,603088.XSHG,106.86
85,300214.XSHE,39.04
86,300260.XSHE,202.53
87,600608.XSHG,-126.7
88,300120.XSHE,139.4
89,300640.XSHE,60.53
90,002687.XSHE,46.26
91,300554.XSHE,69.16
92,600235.XSHG,166.31
93,300650.XSHE,66.25
94,600615.XSHG,318.25
95,600302.XSHG,33.59
96,600359.XSHG,-22.15
97,300329.XSHE,84.77
98,600767.XSHG,-59.12
99,300277.XSHE,103.8
100,300622.XSHE,72.06
101,603029.XSHG,107.5
102,600083.XSHG,4149.7798
103,600513.XSHG,46.45
104,002735.XSHE,72.36
105,600883.XSHG,54.18
106,002272.XSHE,173.29
107,600774.XSHG,192.51
108,600493.XSHG,51.43
109,300538.XSHE,105.66
110,300635.XSHE,54.53
111,300139.XSHE,102.27
112,300645.XSHE,56.35
113,002112.XSHE,-354.18
114,600051.XSHG,19.48
115,603223.XSHG,47.61
116,600095.XSHG,300.9
117,600080.XSHG,99.15
118,002420.XSHE,773.91
119,300540.XSHE,77.43
120,002780.XSHE,94.15
121,000628.XSHE,102.35
122,300028.XSHE,-88.71
123,600731.XSHG,185.99
124,600228.XSHG,-81.7
125,002796.XSHE,64.39
126,600560.XSHG,165.38
127,300638.XSHE,71.91
128,300092.XSHE,96.62
129,000798.XSHE,71.85
130,000004.XSHE,74.62
131,002679.XSHE,109.34
132,300391.XSHE,601.21
133,600857.XSHG,76.12
134,600156.XSHG,480.53
135,002633.XSHE,-139.26
136,600520.XSHG,151.34
137,300626.XSHE,70.0
138,002306.XSHE,-61.7
139,600356.XSHG,31.3
140,603488.XSHG,42.12
141,300636.XSHE,54.19
142,600860.XSHG,-22.28
143,600232.XSHG,104.1
144,603701.XSHG,42.6
145,600853.XSHG,87.79
146,300200.XSHE,69.57
147,300587.XSHE,50.85
148,600889.XSHG,29.38
149,300551.XSHE,87.8
150,300584.XSHE,64.66
151,002144.XSHE,28.83
152,002105.XSHE,125.02
153,600099.XSHG,2576.96
154,300542.XSHE,95.53
155,300062.XSHE,44.16
156,300605.XSHE,81.94
157,600505.XSHG,50.81
158,300286.XSHE,36.81
159,300125.XSHE,-50.11
160,300499.XSHE,56.34
161,603330.XSHG,72.8
162,300572.XSHE,62.81
163,300592.XSHE,79.03
164,300112.XSHE,107.82
165,000948.XSHE,126.88
166,000803.XSHE,-46.53
167,300239.XSHE,144.88
168,300608.XSHE,53.53
169,600367.XSHG,54.97
170,002395.XSHE,97.72
171,600193.XSHG,-25.19
172,300586.XSHE,66.27
173,300631.XSHE,71.97
174,000890.XSHE,24.56
175,300509.XSHE,59.63
176,603041.XSHG,47.37
177,000955.XSHE,75.24
178,002655.XSHE,179.94
179,300460.XSHE,118.66
180,000707.XSHE,-5.27
181,600091.XSHG,61.27
182,000755.XSHE,-4.71
183,300557.XSHE,75.53
184,603991.XSHG,82.73
185,002015.XSHE,-71.1
186,300514.XSHE,67.01
187,300480.XSHE,102.0
188,002693.XSHE,-8.25
189,002800.XSHE,81.66
190,300141.XSHE,95.8
191,300283.XSHE,125.99
192,600749.XSHG,-34.51
193,002857.XSHE,74.89
194,603388.XSHG,52.76
195,300486.XSHE,-187.9
196,002862.XSHE,73.54
197,300589.XSHE,70.48
198,300254.XSHE,107.1
199,000737.XSHE,190.89
200,300651.XSHE,69.04
201,300553.XSHE,115.26
202,600714.XSHG,38.92
203,603990.XSHG,73.27
204,300643.XSHE,76.23
205,000972.XSHE,-12.74
206,002295.XSHE,118.31
207,300637.XSHE,52.03
208,600470.XSHG,-28.95
209,002159.XSHE,-48.33
210,000835.XSHE,-81.75
211,300442.XSHE,541.72
212,000611.XSHE,283.33
213,300227.XSHE,132.46
214,300404.XSHE,-3219.0701
215,300132.XSHE,80.65
216,000632.XSHE,186.33
217,600746.XSHG,48.06
218,300179.XSHE,86.89
219,000757.XSHE,101.49
220,300593.XSHE,91.55
221,600101.XSHG,41.95
222,300019.XSHE,41.02
223,002571.XSHE,-51.45
224,603320.XSHG,71.24
225,002150.XSHE,31.26
226,002347.XSHE,365.18
227,600647.XSHG,35.51
228,000430.XSHE,47.07
229,002598.XSHE,56.78
230,300576.XSHE,90.96
231,300464.XSHE,84.56
232,300270.XSHE,72.48
233,002360.XSHE,36.76
234,002849.XSHE,61.52
235,300501.XSHE,50.03
236,000978.XSHE,198.09
237,300606.XSHE,68.69
238,600112.XSHG,-42.97
239,300578.XSHE,116.04
240,603139.XSHG,50.72
241,600319.XSHG,55.08
242,300621.XSHE,58.8
243,002758.XSHE,81.17
244,603090.XSHG,87.7
245,300479.XSHE,138.68
246,000705.XSHE,69.34
247,000593.XSHE,-60.73
248,300559.XSHE,58.06
249,300632.XSHE,69.92
250,002806.XSHE,125.56
251,002066.XSHE,129.64
252,002492.XSHE,69.62
253,300573.XSHE,60.55
254,300598.XSHE,65.51
255,600753.XSHG,2009.84
256,000752.XSHE,422.8
257,300620.XSHE,67.9
258,300517.XSHE,79.35
259,600218.XSHG,31.78
260,300615.XSHE,61.85
261,603002.XSHG,121.21
262,002201.XSHE,682.78
263,603031.XSHG,75.69
264,002357.XSHE,31.01
265,300241.XSHE,63.31
266,600379.XSHG,94.84
267,603319.XSHG,52.88
268,000023.XSHE,162.49
269,600311.XSHG,-82.92
270,300421.XSHE,53.96
271,600769.XSHG,2672.6201
272,600821.XSHG,-25.91
273,002319.XSHE,-211.15
274,002798.XSHE,62.43
275,300264.XSHE,389.16
276,000880.XSHE,203.36
277,600806.XSHG,-14.16
278,002696.XSHE,59.37
279,600148.XSHG,149.03
280,600732.XSHG,64.57
281,300604.XSHE,80.38
282,002591.XSHE,-1264.83
283,300240.XSHE,49.38
284,603028.XSHG,114.31
285,300105.XSHE,-23.85
286,000985.XSHE,69.38
287,002058.XSHE,558.47
288,002731.XSHE,69.65
289,000809.XSHE,-13.6
290,603578.XSHG,68.97
291,603315.XSHG,139.29
292,600866.XSHG,154.32
293,000014.XSHE,115.38
294,600287.XSHG,78.08
295,002810.XSHE,66.17
296,603038.XSHG,35.34
297,000619.XSHE,59.43
298,000637.XSHE,40.2
299,002799.XSHE,130.57
300,600538.XSHG,-121.65
301,002189.XSHE,171.3
302,002289.XSHE,67.65
303,603819.XSHG,78.81
304,000715.XSHE,36.79
305,002136.XSHE,38.91
306,600237.XSHG,-16.87
307,600281.XSHG,142.13
308,002719.XSHE,138.46
309,002856.XSHE,66.22
310,603811.XSHG,49.3
311,600192.XSHG,166.77
312,300530.XSHE,69.45
313,300563.XSHE,93.98
314,603033.XSHG,46.6
315,600272.XSHG,155.33
316,300435.XSHE,64.1
317,600725.XSHG,2.08
318,600781.XSHG,197.9
319,300629.XSHE,128.81
320,000526.XSHE,-39.6
321,000595.XSHE,-47.0
322,600719.XSHG,-294.63
323,000953.XSHE,-21.55
324,000159.XSHE,88.13
325,603238.XSHG,64.08
326,300161.XSHE,136.39
327,300434.XSHE,203.14
328,600810.XSHG,29.54
329,000721.XSHE,218.9
330,300371.XSHE,65.29
331,002231.XSHE,868.47
332,002629.XSHE,108.77
333,603822.XSHG,84.3
334,300390.XSHE,203.03
335,000551.XSHE,65.8
336,002125.XSHE,130.96
337,600275.XSHG,-83.51
338,600898.XSHG,242.54
339,600257.XSHG,534.27
340,603089.XSHG,40.18
341,601007.XSHG,87.02
342,300030.XSHE,122.84
343,002337.XSHE,209.53
344,002723.XSHE,1073.13
345,002487.XSHE,65.99
346,600097.XSHG,61.26
347,603086.XSHG,35.27
348,601313.XSHG,26.05
349,300536.XSHE,70.3
350,002006.XSHE,54.92
351,601177.XSHG,133609.0
352,000679.XSHE,28.41
353,300535.XSHE,59.09
354,603887.XSHG,65.99
355,002452.XSHE,31.15
356,000567.XSHE,187.36
357,300453.XSHE,106.96
358,300163.XSHE,57.02
359,600962.XSHG,-1567.86
360,002205.XSHE,254.53
361,002234.XSHE,417.83
362,300380.XSHE,-121.01
363,600802.XSHG,73.3
364,002184.XSHE,-276.28
365,300121.XSHE,20.8
366,002119.XSHE,73.17
367,300402.XSHE,-44.93
368,300312.XSHE,110.35
369,000590.XSHE,69.52
370,000638.XSHE,-1451.9399
371,300470.XSHE,36.97
372,600706.XSHG,53.15
373,603960.XSHG,84.4
374,002243.XSHE,116.48
375,300647.XSHE,68.36
376,300416.XSHE,69.24
377,000692.XSHE,370.72
378,300423.XSHE,144.18
379,300234.XSHE,237.8
380,300035.XSHE,131.0
381,300290.XSHE,115.22
382,300525.XSHE,119.62
383,002211.XSHE,148.72
384,300492.XSHE,167.61
385,002328.XSHE,38.06
386,000859.XSHE,102.51
387,300164.XSHE,146.28
388,300076.XSHE,-92.19
389,603828.XSHG,66.17
390,300167.XSHE,93.76
391,600222.XSHG,854.82
392,300412.XSHE,65.96
393,300505.XSHE,61.51
394,000993.XSHE,266.25
395,300192.XSHE,103.73
396,000868.XSHE,205.99
397,000790.XSHE,46.31
398,603266.XSHG,44.68
399,300478.XSHE,105.75
400,300449.XSHE,128.09
401,600370.XSHG,77.94
402,300648.XSHE,70.82
403,002593.XSHE,53.0
404,002607.XSHE,47.68
405,603518.XSHG,34.68
406,002566.XSHE,219.19
407,300375.XSHE,23.15
408,600421.XSHG,1154.8101
409,300345.XSHE,-809.82
410,600333.XSHG,63.32
411,300619.XSHE,68.58
412,002652.XSHE,36.98
413,600247.XSHG,-7.09
414,300400.XSHE,63.74
415,000952.XSHE,26.26
416,603309.XSHG,47.02
417,000812.XSHE,107.11
418,002779.XSHE,110.24
419,603908.XSHG,71.31
420,002817.XSHE,75.02
421,300080.XSHE,191.16
422,600365.XSHG,1625.99
423,300472.XSHE,219.05
424,600982.XSHG,35.26
425,603022.XSHG,138.1
426,002753.XSHE,35.17
427,600248.XSHG,32.04
428,600712.XSHG,-107.86
429,000419.XSHE,37.92
430,300040.XSHE,26.56
431,600361.XSHG,-18.22
432,002755.XSHE,641.67
433,000548.XSHE,63.54
434,600969.XSHG,37.72
435,002199.XSHE,100.44
436,000633.XSHE,133.1
437,600793.XSHG,-112.52
438,600408.XSHG,-7.49
439,600127.XSHG,505.63
440,002858.XSHE,108.51
441,300488.XSHE,50.92
442,300280.XSHE,3366.26
443,300295.XSHE,37.31
444,300513.XSHE,91.72
445,002363.XSHE,63.29
446,603633.XSHG,73.85
447,300385.XSHE,42.74
448,002645.XSHE,63.49
449,002819.XSHE,145.23
450,002046.XSHE,230.38
451,000573.XSHE,19.47
452,002828.XSHE,59.88
453,300610.XSHE,66.76
454,300550.XSHE,70.87
455,300154.XSHE,47.63
456,600243.XSHG,411.83
457,600833.XSHG,82.32
458,300165.XSHE,65.57
459,603197.XSHG,26.98
460,600784.XSHG,-135.11
461,300272.XSHE,42.02
462,603229.XSHG,66.64
463,603538.XSHG,48.28
464,002785.XSHE,161.11
465,300093.XSHE,813.42
466,000962.XSHE,79.12
467,002553.XSHE,48.68
468,603336.XSHG,59.47
469,600992.XSHG,174.02
470,600727.XSHG,126.36
471,000586.XSHE,1893.11
472,002134.XSHE,-43.85
473,600599.XSHG,130.82
474,300603.XSHE,93.34
475,002865.XSHE,67.35
476,300069.XSHE,182.63
477,002017.XSHE,47.3
478,002560.XSHE,49.83
479,603726.XSHG,43.07
480,002165.XSHE,34.0
481,300281.XSHE,116.07
482,600791.XSHG,76.36
483,002088.XSHE,34.16
484,300399.XSHE,318.26
485,300123.XSHE,158.85
486,000153.XSHE,80.24
487,002214.XSHE,117.38
488,300487.XSHE,58.0
489,300084.XSHE,337.61
490,600747.XSHG,-41.63
491,002469.XSHE,-112330.0234
492,603520.XSHG,49.68
493,603333.XSHG,-54.59
494,000922.XSHE,-9.49
495,603606.XSHG,74.31
496,600865.XSHG,50.2
497,002490.XSHE,-6.47
498,002526.XSHE,497.16
499,300246.XSHE,56.29
500,600543.XSHG,226.14
501,002757.XSHE,53.73
502,300537.XSHE,92.86
503,600345.XSHG,34.25
504,300521.XSHE,84.13
505,300074.XSHE,52.58
506,002227.XSHE,365.62
507,002381.XSHE,82.81
508,300588.XSHE,79.95
509,600203.XSHG,66.26
510,300162.XSHE,135.77
511,300175.XSHE,49.54
512,600882.XSHG,65.35
513,600405.XSHG,147.99
514,002825.XSHE,62.37
515,600476.XSHG,486.96
516,600671.XSHG,1305.42
517,603955.XSHG,57.38
518,300293.XSHE,309.45
519,002336.XSHE,89.76
520,002193.XSHE,113.97
521,600358.XSHG,-25.46
522,603577.XSHG,65.02
523,600665.XSHG,15.85
524,600355.XSHG,1170.79
525,300189.XSHE,153.34
526,002816.XSHE,129.37
527,600107.XSHG,936.22
528,600131.XSHG,32.74
529,600378.XSHG,133.83
530,002674.XSHE,54.67
531,603078.XSHG,57.92
532,300609.XSHE,71.25
533,000537.XSHE,18.99
534,600078.XSHG,66.68
535,600527.XSHG,100.22
536,603838.XSHG,68.84
537,600354.XSHG,50.95
538,300547.XSHE,45.57
539,600268.XSHG,257.12
540,002848.XSHE,113.84
541,300555.XSHE,80.08
542,300539.XSHE,100.93
543,002824.XSHE,51.73
544,002208.XSHE,50.38
545,603505.XSHG,78.65
546,002552.XSHE,-24.82
547,300541.XSHE,74.0
548,600861.XSHG,43.58
549,002576.XSHE,182.51
550,002009.XSHE,36.77
551,600186.XSHG,301.91
552,603656.XSHG,48.57
553,002401.XSHE,68.73
554,300549.XSHE,64.67
555,603936.XSHG,69.93
556,002398.XSHE,25.66
557,300579.XSHE,63.77
558,600081.XSHG,33.04
559,603023.XSHG,52.9
560,603789.XSHG,141.96
561,300235.XSHE,242.53
562,000570.XSHE,55.87
563,603688.XSHG,49.29
564,603232.XSHG,62.11
565,000678.XSHE,194.06
566,600283.XSHG,67.22
567,002808.XSHE,96.6
568,002860.XSHE,54.89
569,002789.XSHE,45.95
570,600870.XSHG,-683.97
571,600082.XSHG,-52.13
572,300445.XSHE,90.45
573,300515.XSHE,111.73
574,002443.XSHE,72.16
575,300153.XSHE,84.58
576,300067.XSHE,46.35
577,002579.XSHE,154.57
578,600212.XSHG,64.87
579,300250.XSHE,35.8
580,600976.XSHG,69.48
581,000909.XSHE,178.22
582,300582.XSHE,74.76
583,600985.XSHG,46.39
584,300581.XSHE,78.76
585,300493.XSHE,81.22
586,600159.XSHG,66.49
587,300532.XSHE,69.81
588,600539.XSHG,-1036.26
589,603099.XSHG,75.16
590,600678.XSHG,-146.91
591,300013.XSHE,61.52
592,002404.XSHE,39.49
593,002767.XSHE,98.56
594,600397.XSHG,-2.1
595,000663.XSHE,33.82
596,002830.XSHE,81.04
597,000421.XSHE,23.73
598,002813.XSHE,114.05
599,603199.XSHG,49.39
600,300245.XSHE,72.46
601,002330.XSHE,1383.11
602,603663.XSHG,99.96
603,002532.XSHE,30.13
604,603600.XSHG,35.85
605,002529.XSHE,-201.82
606,002809.XSHE,59.05
607,600644.XSHG,19.99
608,002835.XSHE,63.03
609,300552.XSHE,88.66
610,002417.XSHE,-57.62
611,603159.XSHG,100.16
612,603738.XSHG,62.32
613,600975.XSHG,23.79
614,002200.XSHE,168.82
615,300328.XSHE,113.92
616,300500.XSHE,66.49
617,002559.XSHE,35.7
618,600877.XSHG,-25.4
619,603665.XSHG,43.82
620,603208.XSHG,35.74
621,002863.XSHE,57.21
622,603959.XSHG,37.21
623,002868.XSHE,47.91
624,300556.XSHE,201.38
625,603519.XSHG,56.03
626,002842.XSHE,73.28
627,002634.XSHE,115.88
628,002533.XSHE,25.39
629,600858.XSHG,448.42
630,603703.XSHG,118.96
631,300639.XSHE,54.74
632,300585.XSHE,77.76
633,300575.XSHE,45.25
634,002738.XSHE,77.05
635,000589.XSHE,30.96
636,002290.XSHE,127.78
637,002084.XSHE,45.33
638,002826.XSHE,75.63
639,300414.XSHE,91.36
640,002743.XSHE,83.3
641,002377.XSHE,574.21
642,002805.XSHE,176.36
643,600854.XSHG,-72.39
644,603322.XSHG,195.68
645,600265.XSHG,120.45
646,002037.XSHE,45.57
647,300630.XSHE,59.46
648,603015.XSHG,70.45
649,000912.XSHE,-7.17
650,300103.XSHE,173.87
651,000996.XSHE,186.3
652,300356.XSHE,73.64
653,603690.XSHG,102.62
654,002740.XSHE,70.96
655,603016.XSHG,66.4
656,300565.XSHE,87.11
657,603037.XSHG,39.93
658,600830.XSHG,39.9
659,002096.XSHE,132.55
660,002187.XSHE,27.11
661,600249.XSHG,93.89
662,600199.XSHG,-1035.8
663,600262.XSHG,141.52
664,603268.XSHG,116.58
665,603069.XSHG,79.57
666,002535.XSHE,280.4
667,002861.XSHE,40.1
668,300181.XSHE,72.97
669,603180.XSHG,42.58
670,300018.XSHE,40.37
671,300333.XSHE,224.45
672,603696.XSHG,104.1
673,002115.XSHE,130.31
674,002388.XSHE,218.33
675,600462.XSHG,492.76
676,300395.XSHE,38.25
677,002495.XSHE,160.45
678,601798.XSHG,-31.1
679,000780.XSHE,-16.71
680,603311.XSHG,59.1
681,603101.XSHG,40.28
682,603389.XSHG,57.8
683,002536.XSHE,33.87
684,300475.XSHE,55.58
685,603779.XSHG,69.54
686,300425.XSHE,69.74
687,603360.XSHG,40.85
688,000655.XSHE,-9.48
689,300597.XSHE,79.41
690,002623.XSHE,328.87
691,300437.XSHE,98.35
692,600530.XSHG,31.35
693,002072.XSHE,191.39
694,603040.XSHG,70.53
695,002615.XSHE,30.35
696,002732.XSHE,40.35
697,002133.XSHE,25.78
698,000411.XSHE,49.11
699,603598.XSHG,132.04
700,000659.XSHE,-8.24
701,600353.XSHG,93.78
702,603318.XSHG,117.34
703,601208.XSHG,59.5
704,002438.XSHE,84.81
705,002708.XSHE,66.4
706,603677.XSHG,49.28
707,000416.XSHE,130.05
708,000819.XSHE,147.6
709,300111.XSHE,-251.66
710,603859.XSHG,94.77
711,000789.XSHE,19.21
712,300508.XSHE,93.95
713,000720.XSHE,-33.08
714,600137.XSHG,331.63
715,000677.XSHE,1042.66
716,000911.XSHE,32.62
717,603066.XSHG,52.63
718,002039.XSHE,66.04
719,000010.XSHE,94.57
720,300596.XSHE,46.39
721,600697.XSHG,13.61
722,002014.XSHE,22.02
723,600815.XSHG,-1.72
724,000033.XSHE,899.41
725,300193.XSHE,41.94
726,601218.XSHG,42.17
727,000599.XSHE,46.68
728,600178.XSHG,45.17
729,300025.XSHE,60.75
730,603177.XSHG,81.49
731,600241.XSHG,-60.65
732,603637.XSHG,75.57
733,002771.XSHE,64.19
734,002476.XSHE,-136.02
735,300346.XSHE,477.28
736,300223.XSHE,360.54
737,002578.XSHE,228.68
738,600592.XSHG,66.21
739,600130.XSHG,390.13
740,000731.XSHE,-21.13
741,002853.XSHE,45.28
742,300210.XSHE,60.04
743,600891.XSHG,27.81
744,603896.XSHG,54.04
745,603985.XSHG,44.86
746,600792.XSHG,58.35
747,300461.XSHE,286.76
748,600238.XSHG,-163.48
749,002403.XSHE,30.97
750,002453.XSHE,-14.19
751,601996.XSHG,42.0
752,002177.XSHE,671.74
753,002866.XSHE,44.99
754,002702.XSHE,-1242.75
755,300378.XSHE,118.48
756,002164.XSHE,256.73
757,000670.XSHE,383.56
758,300049.XSHE,37.57
759,600119.XSHG,35.26
760,603178.XSHG,54.65
761,300130.XSHE,32.74
762,601616.XSHG,-47.31
763,002068.XSHE,21.64
764,600469.XSHG,-72.08
765,002082.XSHE,67.62
766,000565.XSHE,20.06
767,000736.XSHE,-651.87
768,002613.XSHE,201.04
769,600223.XSHG,48.9
770,002362.XSHE,171.24
771,002514.XSHE,-60.01
772,600052.XSHG,11.95
773,300217.XSHE,98.22
774,000886.XSHE,44.57
775,002803.XSHE,100.77
776,601518.XSHG,22.64
777,002734.XSHE,34.18
778,002637.XSHE,29.27
779,300087.XSHE,146.25
780,300560.XSHE,117.15
781,600288.XSHG,117.79
782,000753.XSHE,22.37
783,600961.XSHG,254.39
784,600336.XSHG,177.65
785,002026.XSHE,38.63
786,002406.XSHE,38.13
787,002394.XSHE,11.67
788,603968.XSHG,26.37
789,300430.XSHE,85.89
790,603123.XSHG,40.24
791,300056.XSHE,24.14
792,603138.XSHG,103.77
793,603222.XSHG,108.52
794,002380.XSHE,54.77
795,002574.XSHE,126.36
796,603039.XSHG,67.85
797,600375.XSHG,46.6
798,603966.XSHG,72.46
799,002278.XSHE,-46.81
800,300231.XSHE,39.09
801,600191.XSHG,279.67
802,600327.XSHG,21.4
803,603668.XSHG,56.38
804,300469.XSHE,155.22
805,002855.XSHE,61.92
806,002478.XSHE,45.8
807,600789.XSHG,122.99
808,300155.XSHE,280.53
809,600740.XSHG,29.98
810,603100.XSHG,36.45
811,603928.XSHG,51.16
812,002644.XSHE,72.09
813,300314.XSHE,73.19
814,300023.XSHE,83.71
815,002628.XSHE,111.46
816,300047.XSHE,36.8
817,600556.XSHG,-183.49
818,000782.XSHE,-81.87
819,002338.XSHE,88.87
820,002397.XSHE,46.7
821,002840.XSHE,42.23
822,300511.XSHE,46.74
823,002274.XSHE,61.69
824,300268.XSHE,658.67
825,002166.XSHE,71.75
826,600071.XSHG,-43.98
827,002748.XSHE,30.65
828,000505.XSHE,37.85
829,603021.XSHG,91.03
830,603909.XSHG,84.02
831,002412.XSHE,55.32
832,000609.XSHE,28.1
833,300465.XSHE,720.06
834,603300.XSHG,79.49
835,002386.XSHE,39.45
836,002870.XSHE,43.68
837,002483.XSHE,58.13
838,002820.XSHE,51.79
839,300389.XSHE,33.77
840,002369.XSHE,-354.9
841,300205.XSHE,252.65
842,300341.XSHE,38.7
843,000017.XSHE,1796.79
844,002228.XSHE,43.11
845,002213.XSHE,1487.71
846,300548.XSHE,67.58
847,000404.XSHE,18.85
848,002691.XSHE,914.26
849,002286.XSHE,95.92
850,603227.XSHG,-104.69
851,600692.XSHG,97.37
852,300261.XSHE,207.87
853,002549.XSHE,206.97
854,300265.XSHE,40.14
855,002107.XSHE,92.69
856,300138.XSHE,43.39
857,300016.XSHE,216.96
858,300071.XSHE,36.5
859,002087.XSHE,22.59
860,600368.XSHG,18.94
861,000906.XSHE,34.68
862,300041.XSHE,46.22
863,300611.XSHE,86.87
864,002154.XSHE,-12.68
865,002296.XSHE,56.43
866,002728.XSHE,51.83
867,002700.XSHE,62.47
868,600419.XSHG,58.72
869,600121.XSHG,-17.25
870,300086.XSHE,113.35
871,300481.XSHE,73.98
872,603996.XSHG,40.26
873,000409.XSHE,-21.33
874,300455.XSHE,70.95
875,300448.XSHE,56.62
876,002220.XSHE,26.71
877,300561.XSHE,68.76
878,300420.XSHE,61.58
879,600624.XSHG,121.12
880,600279.XSHG,58.97
881,002788.XSHE,41.76
882,600113.XSHG,53.36
883,002587.XSHE,47.94
884,603901.XSHG,54.19
885,600984.XSHG,51.79
886,300477.XSHE,55.14
887,300545.XSHE,115.95
888,600836.XSHG,-264.78
889,603011.XSHG,97.13
890,601789.XSHG,24.97
891,002225.XSHE,-27.39
892,603615.XSHG,53.18
893,600800.XSHG,305.27
894,600215.XSHG,193.01
895,002772.XSHE,40.13
896,300394.XSHE,39.43
897,300419.XSHE,77.24
898,600328.XSHG,37.34
899,300095.XSHE,105.34
900,000532.XSHE,129.34
901,300320.XSHE,57.09
902,600995.XSHG,29.18
903,300382.XSHE,45.5
904,002196.XSHE,40.51
905,002524.XSHE,2663.73
906,600838.XSHG,26.43
907,600630.XSHG,252.17
908,002331.XSHE,63.58
909,300108.XSHE,26.29
910,300468.XSHE,61.68
911,600558.XSHG,103.69
912,300082.XSHE,43.28
913,000850.XSHE,52.18
914,002052.XSHE,-8.31
915,603085.XSHG,135.8
916,600209.XSHG,-109.04
917,300580.XSHE,41.32
918,300275.XSHE,-153.57
919,300591.XSHE,138.81
920,002632.XSHE,87.01
921,603017.XSHG,40.7
922,002730.XSHE,128.17
923,002751.XSHE,295.7
924,300490.XSHE,107.57
925,300491.XSHE,152.01
926,600449.XSHG,55.16
927,601999.XSHG,39.05
928,603787.XSHG,62.65
929,002722.XSHE,39.4
930,002546.XSHE,59.1
931,300301.XSHE,-66.74
932,000554.XSHE,1147.98
933,000708.XSHE,16.67
934,002021.XSHE,293.21
935,600163.XSHG,43.18
936,603203.XSHG,45.66
937,603067.XSHG,48.43
938,002749.XSHE,34.54
939,603189.XSHG,75.08
940,002098.XSHE,41.97
941,300396.XSHE,38.74
942,603158.XSHG,41.57
943,300617.XSHE,64.46
944,000635.XSHE,32.88
945,300401.XSHE,84.52
946,603716.XSHG,70.06
947,300462.XSHE,109.51
948,000682.XSHE,81.58
949,000833.XSHE,91.7
950,300042.XSHE,107.7
951,603729.XSHG,131.62
952,603878.XSHG,38.06
953,600716.XSHG,125.51
954,002297.XSHE,485.11
955,300602.XSHE,47.46
956,603030.XSHG,45.47
957,002548.XSHE,31.63
958,002605.XSHE,53.77
959,603886.XSHG,37.81
960,000701.XSHE,33.7
961,600467.XSHG,113.42
962,600479.XSHG,32.73
963,000523.XSHE,122.96
964,002521.XSHE,31.68
965,600225.XSHG,15.58
966,603797.XSHG,80.5
967,002432.XSHE,396.07
968,300177.XSHE,178.93
969,002621.XSHE,654.29
970,000510.XSHE,61.93
971,300248.XSHE,62.43
972,600691.XSHG,-5.71
973,002355.XSHE,86.09
974,002750.XSHE,57.75
975,000716.XSHE,294.85
976,300150.XSHE,75.62
977,600389.XSHG,61.11
978,600488.XSHG,88.65
979,002160.XSHE,29.7
980,002666.XSHE,37.55
981,600794.XSHG,1754.52
982,002599.XSHE,138.41
983,300331.XSHE,133.01
984,600589.XSHG,49.76
985,603918.XSHG,169.43
986,300107.XSHE,224.39
987,300050.XSHE,40.61
988,603167.XSHG,21.0
989,000700.XSHE,29.56
990,300051.XSHE,88.17
991,600730.XSHG,9.06
992,002423.XSHE,-429.6
993,603611.XSHG,34.78
994,002259.XSHE,70.09
995,603889.XSHG,31.53
996,603988.XSHG,239.27
997,000597.XSHE,133.69
998,600318.XSHG,49.79
999,002480.XSHE,248.55
1000,300473.XSHE,45.68
1001,300006.XSHE,541.08
1002,002060.XSHE,38.33
1003,002076.XSHE,120.91
1004,000759.XSHE,47.29
1005,600117.XSHG,15.54
1006,002510.XSHE,34.46
1007,002391.XSHE,30.92
1008,300135.XSHE,177.41
1009,300172.XSHE,47.58
1010,002829.XSHE,70.85
1011,600846.XSHG,28.09
1012,603559.XSHG,127.34
1013,300374.XSHE,86.91
1014,600425.XSHG,-9.13
1015,600386.XSHG,47.03
1016,002061.XSHE,44.88
1017,002194.XSHE,-17.21
1018,002071.XSHE,20.85
1019,002520.XSHE,123.05
1020,002374.XSHE,39.11
1021,603131.XSHG,68.78
1022,300306.XSHE,53.32
1023,603823.XSHG,38.99
1024,002762.XSHE,70.16
1025,300566.XSHE,84.83
1026,600596.XSHG,28.22
1027,600468.XSHG,88.91
1028,002688.XSHE,34.23
1029,002741.XSHE,80.5
1030,002790.XSHE,29.64
1031,300052.XSHE,-106.19
1032,000422.XSHE,-4.43
1033,300443.XSHE,25.41
1034,600149.XSHG,-372.91
1035,000837.XSHE,107.14
1036,600106.XSHG,17.9
1037,603020.XSHG,31.73
1038,603926.XSHG,45.8
1039,002827.XSHE,46.25
1040,300590.XSHE,54.76
1041,002718.XSHE,40.31
1042,603416.XSHG,49.64
1043,603186.XSHG,53.56
1044,002116.XSHE,41.25
1045,000509.XSHE,-79.68
1046,002838.XSHE,65.73
1047,000966.XSHE,34.46
1048,600695.XSHG,51.39
1049,603778.XSHG,71.76
1050,603800.XSHG,-164.1
1051,002316.XSHE,-249.86
1052,002235.XSHE,180.68
1053,002775.XSHE,37.6
1054,300546.XSHE,73.77
1055,600459.XSHG,56.44
1056,603012.XSHG,55.23
1057,002682.XSHE,103.05
1058,002556.XSHE,45.83
1059,600680.XSHG,-11.04
1060,300249.XSHE,165.12
1061,600360.XSHG,121.18
1062,002454.XSHE,21.5
1063,300007.XSHE,56.64
1064,300282.XSHE,42.42
1065,002149.XSHE,200.98
1066,002869.XSHE,44.2
1067,600523.XSHG,28.74
1068,002140.XSHE,63.58
1069,603906.XSHG,52.41
1070,300427.XSHE,73.13
1071,000026.XSHE,42.23
1072,600077.XSHG,-32.35
1073,002334.XSHE,75.55
1074,600979.XSHG,22.78
1075,300519.XSHE,48.4
1076,300370.XSHE,65.52
1077,300446.XSHE,50.12
1078,600721.XSHG,24.36
1079,000916.XSHE,17.76
1080,000410.XSHE,-3.54
1081,002499.XSHE,261.85
1082,600661.XSHG,29.55
1083,300160.XSHE,37.5
1084,002768.XSHE,38.66
1085,000613.XSHE,-3222.9099
1086,002079.XSHE,46.05
1087,002746.XSHE,22.78
1088,002661.XSHE,39.44
1089,000007.XSHE,77.86
1090,002837.XSHE,73.98
1091,600785.XSHG,68.94
1092,002365.XSHE,69.41
1093,002012.XSHE,171.74
1094,300213.XSHE,53.08
1095,002787.XSHE,54.59
1096,300520.XSHE,108.83
1097,300206.XSHE,120.69
1098,603638.XSHG,57.66
1099,002729.XSHE,231.54
1100,002321.XSHE,61.32
1101,300340.XSHE,106.35
1102,600313.XSHG,158.77
1103,603768.XSHG,38.75
1104,603788.XSHG,30.99
1105,000545.XSHE,35.02
1106,002513.XSHE,57.74
1107,002033.XSHE,24.17
1108,603608.XSHG,39.92
1109,000698.XSHE,16.51
1110,000005.XSHE,52.77
1111,002604.XSHE,40.05
1112,002612.XSHE,32.31
1113,300226.XSHE,232.32
1114,300570.XSHE,51.92
1115,603929.XSHG,45.45
1116,002793.XSHE,50.92
1117,600463.XSHG,161.83
1118,300129.XSHE,24.85
1119,300127.XSHE,44.44
1120,603429.XSHG,93.05
1121,600552.XSHG,72.44
1122,603987.XSHG,53.71
1123,002671.XSHE,1614.02
1124,002777.XSHE,71.19
1125,300503.XSHE,81.66
1126,000862.XSHE,60.26
1127,002801.XSHE,54.09
1128,600616.XSHG,95.58
1129,300407.XSHE,62.52
1130,300102.XSHE,62.8
1131,300507.XSHE,54.5
1132,002218.XSHE,42.32
1133,002561.XSHE,23.65
1134,300494.XSHE,44.2
1135,002786.XSHE,70.82
1136,300152.XSHE,-62.73
1137,000919.XSHE,32.07
1138,002761.XSHE,323.27
1139,603585.XSHG,29.45
1140,002162.XSHE,261.1
1141,600251.XSHG,65.45
1142,002382.XSHE,29.89
1143,603339.XSHG,41.3
1144,002765.XSHE,44.02
1145,603027.XSHG,49.43
1146,002455.XSHE,63.51
1147,002240.XSHE,94.17
1148,002034.XSHE,241.66
1149,000019.XSHE,60.97
1150,300247.XSHE,60.38
1151,600723.XSHG,18.27
1152,002232.XSHE,122.48
1153,300350.XSHE,40.34
1154,000428.XSHE,-19.21
1155,603026.XSHG,32.4
1156,603798.XSHG,43.78
1157,603032.XSHG,116.47
1158,600088.XSHG,-63.22
1159,000504.XSHE,264.83
1160,002565.XSHE,59.67
1161,603117.XSHG,69.32
1162,600798.XSHG,51.59
1163,000585.XSHE,-51.66
1164,000151.XSHE,57.76
1165,002523.XSHE,51.82
1166,600707.XSHG,-21.03
1167,002253.XSHE,146.27
1168,002090.XSHE,46.84
1169,600475.XSHG,25.24
1170,300471.XSHE,33.92
1171,002264.XSHE,123.14
1172,002172.XSHE,20.13
1173,300119.XSHE,40.94
1174,002270.XSHE,24.07
1175,300325.XSHE,77.02
1176,600070.XSHG,37.64
1177,600461.XSHG,25.27
1178,603636.XSHG,117.1
1179,300348.XSHE,62.66
1180,002770.XSHE,60.53
1181,002776.XSHE,46.66
1182,603009.XSHG,96.99
1183,603599.XSHG,29.31
1184,002182.XSHE,27.68
1185,300415.XSHE,39.11
1186,300497.XSHE,30.93
1187,300151.XSHE,201.53
1188,000530.XSHE,31.18
1189,002713.XSHE,32.98
1190,600684.XSHG,14.14
1191,603667.XSHG,62.84
1192,002132.XSHE,48.43
1193,002769.XSHE,34.25
1194,000020.XSHE,1078.42
1195,603399.XSHG,72.31
1196,300242.XSHE,30.8
1197,600668.XSHG,15.71
1198,300066.XSHE,45.88
1199,600396.XSHG,-34.55
1200,300228.XSHE,-23.02
1201,300583.XSHE,59.27
1202,300599.XSHE,58.31
1203,002733.XSHE,48.61
1204,300303.XSHE,35.74
1205,000529.XSHE,53.74
1206,300048.XSHE,45.12
1207,000949.XSHE,38.81
1208,000920.XSHE,57.84
1209,600526.XSHG,144.5
1210,300360.XSHE,23.59
1211,300099.XSHE,143.17
1212,002148.XSHE,56.49
1213,600129.XSHG,-92.42
1214,600351.XSHG,-900.45
1215,000722.XSHE,44.67
1216,300411.XSHE,138.13
1217,002686.XSHE,53.77
1218,300512.XSHE,35.75
1219,002448.XSHE,27.2
1220,300198.XSHE,248.63
1221,600738.XSHG,106.59
1222,000037.XSHE,4.48
1223,600310.XSHG,52.21
1224,600683.XSHG,30.57
1225,002641.XSHE,30.6
1226,300263.XSHE,263.18
1227,300045.XSHE,115.32
1228,300522.XSHE,91.98
1229,601599.XSHG,33.14
1230,600888.XSHG,94.08
1231,300318.XSHE,263.59
1232,300440.XSHE,44.06
1233,603035.XSHG,25.74
1234,002541.XSHE,37.45
1235,300569.XSHE,35.79
1236,002229.XSHE,537.52
1237,300004.XSHE,106.32
1238,002441.XSHE,31.23
1239,002575.XSHE,-1506.72
1240,300422.XSHE,80.49
1241,600363.XSHG,34.55
1242,603366.XSHG,27.91
1243,300392.XSHE,-19.55
1244,000851.XSHE,66.51
1245,600202.XSHG,-33.54
1246,300510.XSHE,109.46
1247,603843.XSHG,66.05
1248,300326.XSHE,35.29
1249,600308.XSHG,21.81
1250,300229.XSHE,46.76
1251,300447.XSHE,64.59
1252,603558.XSHG,68.5
1253,600305.XSHG,34.04
1254,002114.XSHE,54.11
1255,601579.XSHG,36.73
1256,000511.XSHE,-50.4
1257,000561.XSHE,81.91
1258,600322.XSHG,-18.71
1259,002783.XSHE,54.69
1260,300094.XSHE,52.92
1261,600579.XSHG,478.95
1262,600824.XSHG,39.52
1263,000043.XSHE,25.29
1264,000045.XSHE,-84.0
1265,002442.XSHE,86.07
1266,000931.XSHE,515.49
1267,603998.XSHG,85.23
1268,002313.XSHE,82.38
1269,002260.XSHE,-820.48
1270,300523.XSHE,96.91
1271,300096.XSHE,-628.37
1272,603168.XSHG,22.43
1273,600720.XSHG,25.75
1274,300195.XSHE,43.0
1275,600133.XSHG,7.49
1276,600285.XSHG,16.87
1277,002361.XSHE,37.72
1278,300236.XSHE,109.43
1279,002763.XSHE,29.22
1280,002263.XSHE,-34.75
1281,600141.XSHG,52.0
1282,000520.XSHE,542.15
1283,300642.XSHE,62.57
1284,300276.XSHE,397.91
1285,300344.XSHE,188.01
1286,300190.XSHE,58.34
1287,600613.XSHG,37.35
1288,300279.XSHE,77.92
1289,600636.XSHG,-22.26
1290,002350.XSHE,92.57
1291,300259.XSHE,58.5
1292,300397.XSHE,-129.67
1293,603096.XSHG,37.99
1294,300357.XSHE,44.7
1295,000301.XSHE,54.06
1296,600713.XSHG,32.63
1297,002774.XSHE,58.81
1298,300571.XSHE,101.79
1299,300398.XSHE,95.3
1300,002062.XSHE,26.13
1301,002795.XSHE,96.02
1302,002620.XSHE,60.77
1303,600537.XSHG,22.66
1304,002255.XSHE,76.08
1305,300627.XSHE,59.42
1306,300258.XSHE,30.5
1307,600555.XSHG,-31.74
1308,603903.XSHG,127.03
1309,300444.XSHE,88.98
1310,600855.XSHG,132.17
1311,600831.XSHG,52.34
1312,002067.XSHE,21.9
1313,002265.XSHE,498.63
1314,002832.XSHE,43.93
1315,300379.XSHE,56.44
1316,002222.XSHE,71.59
1317,000608.XSHE,-13.67
1318,002706.XSHE,37.15
1319,600439.XSHG,35.34
1320,002163.XSHE,-811.53
1321,002300.XSHE,43.5
1322,002186.XSHE,44.47
1323,000546.XSHE,21.91
1324,000936.XSHE,10.23
1325,300063.XSHE,43.87
1326,002649.XSHE,51.3
1327,000521.XSHE,27.7
1328,000799.XSHE,53.77
1329,603999.XSHG,72.78
1330,600819.XSHG,27.73
1331,300365.XSHE,49.12
1332,600239.XSHG,23.19
1333,600501.XSHG,198.38
1334,002161.XSHE,271.75
1335,002393.XSHE,55.74
1336,000616.XSHE,-16.49
1337,002063.XSHE,48.18
1338,600653.XSHG,88.51
1339,600805.XSHG,73.08
1340,603639.XSHG,38.57
1341,002167.XSHE,147.77
1342,600533.XSHG,37.73
1343,000534.XSHE,79.65
1344,603977.XSHG,75.87
1345,002054.XSHE,40.16
1346,002836.XSHE,129.08
1347,603008.XSHG,29.18
1348,600135.XSHG,119.41
1349,300289.XSHE,93.57
1350,603601.XSHG,79.78
1351,002097.XSHE,51.42
1352,002781.XSHE,58.34
1353,300641.XSHE,47.3
1354,000417.XSHE,21.36
1355,603717.XSHG,38.17
1356,000756.XSHE,41.7
1357,600756.XSHG,52.99
1358,603306.XSHG,24.07
1359,002003.XSHE,21.55
1360,002104.XSHE,49.69
1361,601968.XSHG,902.96
1362,000950.XSHE,-12.26
1363,002137.XSHE,43.42
1364,002192.XSHE,1300.67
1365,000420.XSHE,100.77
1366,601015.XSHG,27.33
1367,600532.XSHG,47.85
1368,600966.XSHG,16.58
1369,603669.XSHG,41.29
1370,002528.XSHE,-16.0
1371,002246.XSHE,75.6
1372,600822.XSHG,391.59
1373,603299.XSHG,142.5
1374,600055.XSHG,78.01
1375,002070.XSHE,-109.14
1376,600569.XSHG,66.97
1377,002846.XSHE,113.92
1378,002471.XSHE,58.57
1379,300176.XSHE,127.32
1380,600168.XSHG,22.51
1381,300225.XSHE,101.44
1382,002802.XSHE,120.82
1383,000822.XSHE,43.07
1384,002169.XSHE,58.19
1385,002457.XSHE,395.91
1386,300089.XSHE,46.65
1387,300057.XSHE,99.14
1388,002135.XSHE,104.27
1389,002226.XSHE,94.36
1390,002109.XSHE,43.12
1391,002069.XSHE,70.57
1392,600890.XSHG,-153.3
1393,002459.XSHE,305.25
1394,002197.XSHE,117.17
1395,002689.XSHE,90.19
1396,300562.XSHE,87.67
1397,002494.XSHE,405.21
1398,002692.XSHE,78.78
1399,600814.XSHG,36.59
1400,000923.XSHE,-1695.4399
1401,002124.XSHE,18.34
1402,601188.XSHG,22.49
1403,002288.XSHE,-110.72
1404,600278.XSHG,42.24
1405,600586.XSHG,84.45
1406,600321.XSHG,1534.21
1407,002742.XSHE,55.54
1408,002639.XSHE,125.82
1409,603737.XSHG,48.74
1410,002083.XSHE,15.89
1411,002258.XSHE,28.92
1412,002683.XSHE,61.05
1413,601199.XSHG,20.09
1414,002845.XSHE,50.66
1415,002467.XSHE,-15.12
1416,601677.XSHG,22.57
1417,600229.XSHG,23.44
1418,603919.XSHG,27.12
1419,000571.XSHE,186.65
1420,002170.XSHE,85.72
1421,300298.XSHE,56.83
1422,002139.XSHE,40.65
1423,002472.XSHE,33.43
1424,603060.XSHG,53.0
1425,600790.XSHG,18.12
1426,002181.XSHE,31.52
1427,300221.XSHE,43.07
1428,000032.XSHE,123.52
1429,600502.XSHG,22.11
1430,000514.XSHE,46.21
1431,300140.XSHE,83.34
1432,603618.XSHG,49.32
1433,002590.XSHE,47.74
1434,300238.XSHE,96.62
1435,600529.XSHG,30.84
1436,600576.XSHG,54.28
1437,600571.XSHG,54.06
1438,002348.XSHE,160.53
1439,603630.XSHG,43.31
1440,603050.XSHG,99.19
1441,300436.XSHE,113.74
1442,600220.XSHG,55.39
1443,000980.XSHE,74.18
1444,002485.XSHE,-648.85
1445,603006.XSHG,54.29
1446,603308.XSHG,104.42
1447,300403.XSHE,36.61
1448,000531.XSHE,12.13
1449,603018.XSHG,30.84
1450,000957.XSHE,13.55
1451,300623.XSHE,52.57
1452,002351.XSHE,69.1
1453,000751.XSHE,42.43
1454,002582.XSHE,83.23
1455,002428.XSHE,-73.58
1456,300600.XSHE,62.03
1457,002005.XSHE,199.74
1458,002847.XSHE,78.07
1459,000888.XSHE,35.21
1460,300543.XSHE,88.12
1461,300358.XSHE,47.11
1462,300388.XSHE,48.07
1463,002823.XSHE,48.55
1464,300384.XSHE,98.96
1465,002650.XSHE,43.91
1466,002669.XSHE,88.11
1467,600114.XSHG,34.0
1468,002538.XSHE,29.43
1469,603133.XSHG,81.01
1470,603005.XSHG,113.3
1471,000693.XSHE,-15.99
1472,002315.XSHE,50.61
1473,600780.XSHG,166.55
1474,002198.XSHE,122.98
1475,601028.XSHG,-10.2
1476,002577.XSHE,370.6
1477,300073.XSHE,66.1
1478,300363.XSHE,37.48
1479,000099.XSHE,83.51
1480,600303.XSHG,16.58
1481,002872.XSHE,30.42
1482,002458.XSHE,14.23
1483,002339.XSHE,110.24
1484,300353.XSHE,54.06
1485,300577.XSHE,69.63
1486,002126.XSHE,24.61
1487,002685.XSHE,218.39
1488,000905.XSHE,35.51
1489,603456.XSHG,59.51
1490,300409.XSHE,63.43
1491,000070.XSHE,33.69
1492,600581.XSHG,12.86
1493,000973.XSHE,52.74
1494,000735.XSHE,42.94
1495,300349.XSHE,63.06
1496,600971.XSHG,21.75
1497,300147.XSHE,121.44
1498,600387.XSHG,62.03
1499,300335.XSHE,49.09
1500,300342.XSHE,37.74
1501,002618.XSHE,267.19
1502,600289.XSHG,53.32
1503,300381.XSHE,60.91
1504,300322.XSHE,128.53
1505,300424.XSHE,114.49
1506,600626.XSHG,39.36
1507,600509.XSHG,18.92
1508,000925.XSHE,-67.22
1509,600171.XSHG,165.56
1510,002551.XSHE,58.1
1511,000584.XSHE,-17.45
1512,300230.XSHE,34.01
1513,600973.XSHG,27.16
1514,002766.XSHE,85.47
1515,603337.XSHG,28.18
1516,002474.XSHE,241.03
1517,600880.XSHG,162.01
1518,002392.XSHE,44.37
1519,600382.XSHG,31.44
1520,002031.XSHE,235.77
1521,600834.XSHG,121.67
1522,600103.XSHG,77.28
1523,002318.XSHE,41.81
1524,002562.XSHE,35.23
1525,002291.XSHE,304.33
1526,002527.XSHE,40.34
1527,300256.XSHE,48.01
1528,600496.XSHG,72.26
1529,300034.XSHE,74.84
1530,600255.XSHG,28.76
1531,601002.XSHG,74.25
1532,000533.XSHE,35.37
1533,600724.XSHG,-84.15
1534,002557.XSHE,21.0
1535,002656.XSHE,-39.61
1536,002659.XSHE,-77.59
1537,300438.XSHE,48.04
1538,000672.XSHE,27.26
1539,000762.XSHE,-288.14
1540,000680.XSHE,159.64
1541,300410.XSHE,77.08
1542,002822.XSHE,45.72
1543,002843.XSHE,171.8
1544,300262.XSHE,47.49
1545,300528.XSHE,60.38
1546,600897.XSHG,17.94
1547,300128.XSHE,131.33
1548,603166.XSHG,57.35
1549,300484.XSHE,43.71
1550,002534.XSHE,26.35
1551,002224.XSHE,30.71
1552,002324.XSHE,28.34
1553,002486.XSHE,3391.1699
1554,300612.XSHE,114.03
1555,603007.XSHG,75.19
1556,300607.XSHE,74.78
1557,000650.XSHE,20.72
1558,300091.XSHE,150.5
1559,000606.XSHE,226.49
1560,601700.XSHG,32.92
1561,300502.XSHE,63.52
1562,000788.XSHE,565.99
1563,000908.XSHE,21.7
1564,002020.XSHE,32.09
1565,002111.XSHE,42.86
1566,300117.XSHE,94.35
1567,300005.XSHE,50.21
1568,300319.XSHE,46.95
1569,600742.XSHG,14.39
1570,002106.XSHE,30.11
1571,600512.XSHG,60.67
1572,000838.XSHE,72.9
1573,600960.XSHG,44.19
1574,002216.XSHE,154.49
1575,002540.XSHE,22.72
1576,002059.XSHE,91.68
1577,002409.XSHE,97.95
1578,000795.XSHE,221.98
1579,603393.XSHG,34.1
1580,600829.XSHG,32.15
1581,600677.XSHG,424.91
1582,603808.XSHG,31.12
1583,300327.XSHE,61.01
1584,600896.XSHG,-12.28
1585,002433.XSHE,28.6
1586,603179.XSHG,49.21
1587,600207.XSHG,-807.55
1588,002178.XSHE,642.49
1589,300534.XSHE,164.11
1590,300595.XSHE,60.0
1591,002792.XSHE,40.05
1592,600844.XSHG,-85.27
1593,002833.XSHE,39.07
1594,601137.XSHG,38.53
1595,600818.XSHG,66.28
1596,603398.XSHG,133.5
1597,300311.XSHE,66.25
1598,600337.XSHG,21.94
1599,601368.XSHG,25.45
1600,002811.XSHE,97.05
1601,002029.XSHE,26.94
1602,603628.XSHG,99.12
1603,002496.XSHE,26.98
1604,300337.XSHE,197.43
1605,002449.XSHE,35.68
1606,600587.XSHG,206.07
1607,300143.XSHE,75.4
1608,600330.XSHG,66.37
1609,002425.XSHE,41.39
1610,002320.XSHE,39.51
1611,002332.XSHE,49.74
1612,002569.XSHE,-11446.2305
1613,600284.XSHG,20.14
1614,603586.XSHG,34.95
1615,002283.XSHE,32.42
1616,600059.XSHG,59.99
1617,600433.XSHG,65.28
1618,002173.XSHE,67.65
1619,000553.XSHE,-312.31
1620,002812.XSHE,46.35
1621,300429.XSHE,60.7
1622,603036.XSHG,121.94
1623,603165.XSHG,39.21
1624,600206.XSHG,136.44
1625,000733.XSHE,37.39
1626,002040.XSHE,74.77
1627,000576.XSHE,72.28
1628,000518.XSHE,462.66
1629,002430.XSHE,-35.5
1630,603001.XSHG,24.38
1631,300031.XSHE,47.82
1632,300081.XSHE,586.08
1633,002327.XSHE,17.43
1634,600761.XSHG,18.44
1635,300178.XSHE,40.46
1636,002215.XSHE,-31.38
1637,000811.XSHE,19.49
1638,600231.XSHG,17.4
1639,601678.XSHG,15.57
1640,300173.XSHE,114.77
1641,002086.XSHE,97.19
1642,600399.XSHG,80.19
1643,002463.XSHE,46.25
1644,600628.XSHG,14.77
1645,000068.XSHE,911.29
1646,300204.XSHE,27.82
1647,000601.XSHE,18.67
1648,300101.XSHE,248.44
1649,300308.XSHE,619.47
1650,002626.XSHE,23.73
1651,300456.XSHE,112.3
1652,600452.XSHG,37.98
1653,002016.XSHE,54.8
1654,300187.XSHE,50.3
1655,600460.XSHG,59.78
1656,300171.XSHE,37.81
1657,000903.XSHE,28.6
1658,600983.XSHG,22.63
1659,300457.XSHE,54.24
1660,002101.XSHE,40.04
1661,002077.XSHE,750.89
1662,300036.XSHE,56.91
1663,002402.XSHE,57.54
1664,300613.XSHE,66.1
1665,600825.XSHG,162.35
1666,000836.XSHE,217.57
1667,300302.XSHE,57.36
1668,002305.XSHE,170.73
1669,601388.XSHG,52.59
1670,002488.XSHE,-51.8
1671,002103.XSHE,57.98
1672,300451.XSHE,91.93
1673,603116.XSHG,26.18
1674,600686.XSHG,-9.22
1675,300196.XSHE,28.39
1676,000607.XSHE,34.57
1677,603958.XSHG,89.97
1678,002323.XSHE,31.53
1679,600401.XSHG,-5.19
1680,002045.XSHE,101.25
1681,600326.XSHG,26.23
1682,000823.XSHE,33.46
1683,000403.XSHE,137.58
1684,601113.XSHG,58.1
1685,002654.XSHE,47.6
1686,000665.XSHE,26.23
1687,600676.XSHG,24.45
1688,000760.XSHE,211.18
1689,300174.XSHE,163.86
1690,002859.XSHE,52.97
1691,002584.XSHE,88.34
1692,000657.XSHE,119.57
1693,002100.XSHE,19.16
1694,002564.XSHE,-29.98
1695,300021.XSHE,108.34
1696,300077.XSHE,80.18
1697,600987.XSHG,14.23
1698,002188.XSHE,86.96
1699,000821.XSHE,80.1
1700,000507.XSHE,82.24
1701,000913.XSHE,25.34
1702,300567.XSHE,64.14
1703,300467.XSHE,208.91
1704,000669.XSHE,40.68
1705,002370.XSHE,52.65
1706,000636.XSHE,57.35
1707,600735.XSHG,127.33
1708,002484.XSHE,49.51
1709,300362.XSHE,61.03
1710,300338.XSHE,484.24
1711,601011.XSHG,69.2
1712,002053.XSHE,28.72
1713,002851.XSHE,69.79
1714,000552.XSHE,27.37
1715,002646.XSHE,45.16
1716,002703.XSHE,121.05
1717,300110.XSHE,304.56
1718,002554.XSHE,50.74
1719,000777.XSHE,98.36
1720,300039.XSHE,27.07
1721,600843.XSHG,48.37
1722,300485.XSHE,32.1
1723,002697.XSHE,57.99
1724,002592.XSHE,57.17
1725,300012.XSHE,69.4
1726,002238.XSHE,28.01
1727,600773.XSHG,103.78
1728,603385.XSHG,35.37
1729,600105.XSHG,30.2
1730,002284.XSHE,54.32
1731,603313.XSHG,36.43
1732,300097.XSHE,87.8
1733,300336.XSHE,28.56
1734,603818.XSHG,40.6
1735,600084.XSHG,224.63
1736,002254.XSHE,116.99
1737,000818.XSHE,59.81
1738,600139.XSHG,352.43
1739,600722.XSHG,211.24
1740,600508.XSHG,12.92
1741,002550.XSHE,35.33
1742,601126.XSHG,29.74
1743,300109.XSHE,94.86
1744,300386.XSHE,65.09
1745,600545.XSHG,-38.35
1746,002379.XSHE,191.95
1747,600734.XSHG,53.16
1748,300351.XSHE,49.2
1749,600182.XSHG,55.82
1750,600826.XSHG,40.47
1751,002349.XSHE,51.35
1752,002309.XSHE,-42.45
1753,000498.XSHE,17.41
1754,002171.XSHE,32.32
1755,002298.XSHE,53.72
1756,601519.XSHG,-4.79
1757,603900.XSHG,32.35
1758,600763.XSHG,55.88
1759,002293.XSHE,24.59
1760,300037.XSHE,29.59
1761,601226.XSHG,-48.5
1762,601010.XSHG,27.67
1763,600230.XSHG,9.33
1764,600645.XSHG,111.97
1765,603303.XSHG,24.14
1766,600531.XSHG,41.34
1767,600456.XSHG,159.91
1768,002204.XSHE,335.87
1769,600702.XSHG,73.98
1770,300215.XSHE,107.47
1771,300431.XSHE,245.25
1772,603979.XSHG,44.94
1773,600595.XSHG,-158.55
1774,300439.XSHE,44.24
1775,603239.XSHG,45.57
1776,002596.XSHE,79.65
1777,300506.XSHE,73.06
1778,603566.XSHG,45.57
1779,002141.XSHE,723.1
1780,300044.XSHE,72.92
1781,300184.XSHE,101.2
1782,002282.XSHE,637.24
1783,002325.XSHE,82.01
1784,300209.XSHE,81.12
1785,300568.XSHE,59.12
1786,002130.XSHE,80.98
1787,002356.XSHE,60.43
1788,000506.XSHE,-179.19
1789,002518.XSHE,27.31
1790,300413.XSHE,128.14
1791,300516.XSHE,57.01
1792,600063.XSHG,73.5
1793,600620.XSHG,137.23
1794,002387.XSHE,804.55
1795,300053.XSHE,84.96
1796,300219.XSHE,53.43
1797,600136.XSHG,67.06
1798,600546.XSHG,21.5
1799,601058.XSHG,37.85
1800,600123.XSHG,-28.89
1801,300149.XSHE,131.47
1802,002376.XSHE,31.7
1803,300224.XSHE,49.96
1804,601001.XSHG,-35.03
1805,000407.XSHE,-25.54
1806,300428.XSHE,113.57
1807,600990.XSHG,63.58
1808,300114.XSHE,76.61
1809,600652.XSHG,66.71
1810,600601.XSHG,327.05
1811,603758.XSHG,39.72
1812,603826.XSHG,70.51
1813,600242.XSHG,126.82
1814,000951.XSHE,15.04
1815,300292.XSHE,47.48
1816,600807.XSHG,55.85
1817,600381.XSHG,31.85
1818,603839.XSHG,33.66
1819,002023.XSHE,265.04
1820,600173.XSHG,89.54
1821,601890.XSHG,190.23
1822,000667.XSHE,12.85
1823,000801.XSHE,47.05
1824,300633.XSHE,61.91
1825,002724.XSHE,80.65
1826,002504.XSHE,43.16
1827,000605.XSHE,188.95
1828,002089.XSHE,160.52
1829,000096.XSHE,25.79
1830,002567.XSHE,35.75
1831,002502.XSHE,22.95
1832,300531.XSHE,122.94
1833,601101.XSHG,20.63
1834,300299.XSHE,52.88
1835,600603.XSHG,32.16
1836,002364.XSHE,56.57
1837,603358.XSHG,26.42
1838,002118.XSHE,44.46
1839,300300.XSHE,247.74
1840,002791.XSHE,32.5
1841,002435.XSHE,40.22
1842,002698.XSHE,73.64
1843,600195.XSHG,25.61
1844,300079.XSHE,36.25
1845,603861.XSHG,52.19
1846,300194.XSHE,29.84
1847,002539.XSHE,51.43
1848,000927.XSHE,132.63
1849,002378.XSHE,115.87
1850,600190.XSHG,100.95
1851,002782.XSHE,151.25
1852,600510.XSHG,22.03
1853,603609.XSHG,19.68
1854,000899.XSHE,28.04
1855,002516.XSHE,26.04
1856,001696.XSHE,30.26
1857,601008.XSHG,1197.16
1858,300441.XSHE,89.98
1859,600610.XSHG,722.32
1860,603708.XSHG,33.0
1861,600210.XSHG,13.53
1862,300255.XSHE,44.73
1863,300304.XSHE,70.66
1864,300368.XSHE,198.85
1865,603689.XSHG,89.03
1866,000897.XSHE,199.42
1867,000557.XSHE,191.46
1868,001896.XSHE,42.93
1869,002606.XSHE,83.31
1870,000688.XSHE,27.34
1871,000572.XSHE,43.24
1872,300466.XSHE,147.01
1873,600892.XSHG,60.45
1874,002095.XSHE,648.21
1875,300307.XSHE,57.81
1876,600495.XSHG,704.38
1877,002333.XSHE,63.56
1878,002064.XSHE,-37.34
1879,600197.XSHG,28.51
1880,002481.XSHE,245.7
1881,600776.XSHG,91.6
1882,000861.XSHE,41.31
1883,002447.XSHE,28.26
1884,002515.XSHE,203.74
1885,300406.XSHE,33.15
1886,603777.XSHG,55.3
1887,000035.XSHE,43.33
1888,300158.XSHE,35.39
1889,600280.XSHG,70.2
1890,002206.XSHE,32.45
1891,600422.XSHG,20.73
1892,000915.XSHE,36.23
1893,002446.XSHE,52.3
1894,600662.XSHG,51.64
1895,600300.XSHG,66.69
1896,600988.XSHG,27.61
1897,000524.XSHE,272.22
1898,603128.XSHG,33.6
1899,002345.XSHE,35.15
1900,600073.XSHG,27.64
1901,002073.XSHE,-12.01
1902,600108.XSHG,106.37
1903,002341.XSHE,165.35
1904,603345.XSHG,49.17
1905,601339.XSHG,14.0
1906,600187.XSHG,403.27
1907,300131.XSHE,52.48
1908,603528.XSHG,36.64
1909,000971.XSHE,75.03
1910,002511.XSHE,30.01
1911,002630.XSHE,46.26
1912,300474.XSHE,91.65
1913,603579.XSHG,41.24
1914,603616.XSHG,270.8
1915,000856.XSHE,178.58
1916,000739.XSHE,31.97
1917,603817.XSHG,92.64
1918,002329.XSHE,30.07
1919,002726.XSHE,34.37
1920,000969.XSHE,116.43
1921,300366.XSHE,56.72
1922,002695.XSHE,84.06
1923,603660.XSHG,42.54
1924,600391.XSHG,220.98
1925,300008.XSHE,50.74
1926,600651.XSHG,32.3
1927,300527.XSHE,56.04
1928,000797.XSHE,33.17
1929,603508.XSHG,48.59
1930,002507.XSHE,32.62
1931,002245.XSHE,38.26
1932,000900.XSHE,10.08
1933,600609.XSHG,-35.05
1934,600290.XSHG,-142.57
1935,002852.XSHE,43.23
1936,300352.XSHE,109.63
1937,000558.XSHE,499.69
1938,300476.XSHE,37.28
1939,600698.XSHG,873.67
1940,300359.XSHE,106.47
1941,000639.XSHE,59.84
1942,600211.XSHG,38.26
1943,600757.XSHG,15.0
1944,000965.XSHE,22.93
1945,601965.XSHG,25.15
1946,300458.XSHE,87.1
1947,600076.XSHG,23.19
1948,002094.XSHE,45.71
1949,600292.XSHG,79.22
1950,300201.XSHE,90.75
1951,600657.XSHG,10.0
1952,300188.XSHE,48.5
1953,601038.XSHG,46.03
1954,002727.XSHE,26.04
1955,600736.XSHG,27.15
1956,002588.XSHE,20.43
1957,600726.XSHG,-396.51
1958,600075.XSHG,16.8
1959,002277.XSHE,26.87
1960,600993.XSHG,35.16
1961,002093.XSHE,98.37
1962,002451.XSHE,1090.2
1963,600216.XSHG,22.06
1964,000528.XSHE,63.31
1965,300233.XSHE,52.32
1966,300278.XSHE,76.55
1967,002055.XSHE,185.45
1968,002614.XSHE,33.88
1969,002585.XSHE,65.46
1970,603728.XSHG,55.92
1971,002712.XSHE,53.1
1972,300526.XSHE,252.3
1973,300373.XSHE,41.92
1974,600868.XSHG,173.12
1975,600782.XSHG,10.51
1976,300185.XSHE,53.39
1977,603727.XSHG,44.74
1978,002022.XSHE,41.42
1979,002737.XSHE,29.92
1980,603081.XSHG,45.11
1981,002716.XSHE,57.03
1982,000830.XSHE,19.16
1983,600997.XSHG,16.22
1984,000652.XSHE,37.92
1985,603686.XSHG,40.51
1986,000055.XSHE,12.34
1987,300011.XSHE,76.89
1988,603718.XSHG,111.68
1989,002190.XSHE,69.98
1990,000791.XSHE,-175.64
1991,600507.XSHG,10.37
1992,300170.XSHE,37.36
1993,600744.XSHG,-659.71
1994,002335.XSHE,52.58
1995,300191.XSHE,-3409.6699
1996,000815.XSHE,555.61
1997,300232.XSHE,47.19
1998,600850.XSHG,32.14
1999,600619.XSHG,44.71
2000,601558.XSHG,-3.08
2001,002497.XSHE,64.53
2002,002279.XSHE,40.27
2003,300065.XSHE,102.35
2004,300533.XSHE,66.19
2005,300495.XSHE,50.16
2006,000882.XSHE,86.7
2007,600876.XSHG,765.36
2008,002301.XSHE,74.41
2009,600295.XSHG,32.73
2010,002237.XSHE,39.36
2011,002267.XSHE,24.24
2012,002312.XSHE,-7.07
2013,300288.XSHE,30.23
2014,002117.XSHE,43.8
2015,002396.XSHE,30.25
2016,000612.XSHE,58.93
2017,000603.XSHE,48.52
2018,000816.XSHE,-66.26
2019,002145.XSHE,38.03
2020,603111.XSHG,40.78
2021,603338.XSHG,44.54
2022,300157.XSHE,105.31
2023,600200.XSHG,89.03
2024,600711.XSHG,34.38
2025,300393.XSHE,47.23
2026,300216.XSHE,45.45
2027,002367.XSHE,21.06
2028,600650.XSHG,36.48
2029,600965.XSHG,56.67
2030,600580.XSHG,44.19
2031,000885.XSHE,111.89
2032,002317.XSHE,22.16
2033,002436.XSHE,45.62
2034,300202.XSHE,30.32
2035,002256.XSHE,79.36
2036,300043.XSHE,27.08
2037,600410.XSHG,447.35
2038,300078.XSHE,49.32
2039,600366.XSHG,38.69
2040,600641.XSHG,12.53
2041,300252.XSHE,48.47
2042,600096.XSHG,-3.27
2043,600770.XSHG,221.52
2044,600812.XSHG,178.4
2045,600458.XSHG,49.55
2046,300273.XSHE,122.3
2047,600577.XSHG,39.61
2048,002677.XSHE,44.89
2049,603098.XSHG,46.61
2050,002631.XSHE,49.08
2051,600246.XSHG,53.4
2052,002479.XSHE,34.39
2053,600557.XSHG,25.64
2054,600760.XSHG,224.26
2055,002047.XSHE,27.89
2056,002663.XSHE,94.42
2057,600638.XSHG,95.11
2058,002156.XSHE,52.46
2059,601100.XSHG,77.51
2060,002011.XSHE,105.89
2061,300339.XSHE,30.98
2062,300377.XSHE,72.73
2063,603003.XSHG,252.06
2064,002462.XSHE,40.77
2065,002322.XSHE,51.69
2066,600261.XSHG,20.94
2067,300334.XSHE,206.55
2068,300020.XSHE,65.64
2069,600169.XSHG,-5.8
2070,600035.XSHG,23.06
2071,603869.XSHG,56.2
2072,002307.XSHE,243.64
2073,300075.XSHE,73.59
2074,603188.XSHG,14.46
2075,000863.XSHE,26.31
2076,600480.XSHG,39.91
2077,300369.XSHE,49.65
2078,601908.XSHG,62.31
2079,300625.XSHE,39.2
2080,300183.XSHE,28.64
2081,600733.XSHG,-321.13
2082,002721.XSHE,55.92
2083,000525.XSHE,38.72
2084,000848.XSHE,24.58
2085,002266.XSHE,127.69
2086,002616.XSHE,64.02
2087,600559.XSHG,81.73
2088,000036.XSHE,4.94
2089,603368.XSHG,29.22
2090,000058.XSHE,208.42
2091,002609.XSHE,53.99
2092,002747.XSHE,129.85
2093,002123.XSHE,44.44
2094,300618.XSHE,89.56
2095,600067.XSHG,16.26
2096,600629.XSHG,37.97
2097,002427.XSHE,53.0
2098,600184.XSHG,335.02
2099,002464.XSHE,44.47
2100,603920.XSHG,37.87
2101,000893.XSHE,824.82
2102,002675.XSHE,69.18
2103,603258.XSHG,43.18
2104,603126.XSHG,79.65
2105,300332.XSHE,256.03
2106,600217.XSHG,54.07
2107,603501.XSHG,67.69
2108,603698.XSHG,52.76
2109,000892.XSHE,40.78
2110,600764.XSHG,273.61
2111,601116.XSHG,92.49
2112,000829.XSHE,45.96
2113,002519.XSHE,36.3
2114,002269.XSHE,739.82
2115,002664.XSHE,42.35
2116,600743.XSHG,12.95
2117,002657.XSHE,54.09
2118,002036.XSHE,47.93
2119,600503.XSHG,49.55
2120,600602.XSHG,38.22
2121,600536.XSHG,177.36
2122,000543.XSHE,20.35
2123,002756.XSHE,38.63
2124,601777.XSHG,370.35
2125,603010.XSHG,66.37
2126,600729.XSHG,22.15
2127,600551.XSHG,25.34
2128,002586.XSHE,116.98
2129,000626.XSHE,32.0
2130,600679.XSHG,178.68
2131,002042.XSHE,19.0
2132,002622.XSHE,568.35
2133,300100.XSHE,30.58
2134,002651.XSHE,98.1
2135,601882.XSHG,160.32
2136,000038.XSHE,35.53
2137,300061.XSHE,67.41
2138,600634.XSHG,51.85
2139,000889.XSHE,47.8
2140,603108.XSHG,77.68
2141,603898.XSHG,39.4
2142,600563.XSHG,26.9
2143,600750.XSHG,27.31
2144,000048.XSHE,-521.05
2145,601566.XSHG,23.03
2146,002619.XSHE,43.4
2147,000796.XSHE,47.6
2148,002275.XSHE,26.29
2149,600775.XSHG,113.75
2150,000560.XSHE,135.64
2151,000930.XSHE,45.23
2152,002276.XSHE,66.99
2153,601900.XSHG,24.81
2154,600590.XSHG,80.23
2155,600894.XSHG,9.95
2156,002251.XSHE,65.75
2157,603939.XSHG,43.57
2158,000592.XSHE,1666.8
2159,600033.XSHG,14.71
2160,000631.XSHE,27.4
2161,002707.XSHE,46.14
2162,300496.XSHE,92.42
2163,300054.XSHE,38.83
2164,601369.XSHG,54.18
2165,300426.XSHE,58.8
2166,601918.XSHG,23.71
2167,000683.XSHE,-27.97
2168,600227.XSHG,-27.78
2169,000852.XSHE,-12.56
2170,300518.XSHE,104.78
2171,000719.XSHE,15.86
2172,002418.XSHE,57.3
2173,000710.XSHE,-1452.53
2174,002383.XSHE,89.77
2175,600331.XSHG,46.63
2176,300364.XSHE,261.21
2177,600658.XSHG,24.58
2178,002157.XSHE,11.29
2179,300137.XSHE,97.74
2180,603058.XSHG,109.42
2181,000030.XSHE,14.41
2182,300284.XSHE,28.05
2183,600132.XSHG,52.43
2184,002617.XSHE,97.48
2185,000767.XSHE,268.62
2186,300212.XSHE,72.68
2187,002342.XSHE,453.41
2188,000673.XSHE,59.94
2189,600517.XSHG,24.54
2190,002344.XSHE,21.7
2191,600293.XSHG,44.09
2192,300009.XSHE,51.4
2193,600429.XSHG,128.57
2194,600708.XSHG,10.64
2195,002308.XSHE,57.75
2196,002648.XSHE,18.0
2197,600432.XSHG,-5.02
2198,600020.XSHG,10.41
2199,002025.XSHE,39.71
2200,600323.XSHG,20.25
2201,002158.XSHE,64.79
2202,000516.XSHE,50.58
2203,002416.XSHE,49.65
2204,600765.XSHG,44.19
2205,002445.XSHE,44.01
2206,603969.XSHG,63.45
2207,600694.XSHG,14.71
2208,601858.XSHG,35.15
2209,000016.XSHE,95.69
2210,002543.XSHE,24.12
2211,600486.XSHG,22.93
2212,600779.XSHG,45.57
2213,002043.XSHE,38.03
2214,002717.XSHE,38.89
2215,002676.XSHE,335.46
2216,002752.XSHE,62.26
2217,002102.XSHE,45.56
2218,600499.XSHG,31.84
2219,000967.XSHE,41.64
2220,002610.XSHE,77.04
2221,600851.XSHG,120.87
2222,000726.XSHE,13.48
2223,600481.XSHG,97.64
2224,000802.XSHE,19.86
2225,600343.XSHG,368.48
2226,600267.XSHG,-117.61
2227,002658.XSHE,56.62
2228,000011.XSHE,16.85
2229,002099.XSHE,53.03
2230,000860.XSHE,26.03
2231,002678.XSHE,70.77
2232,603997.XSHG,42.0
2233,000711.XSHE,-829.47
2234,300271.XSHE,39.45
2235,600069.XSHG,-28.83
2236,601929.XSHG,34.23
2237,002597.XSHE,18.23
2238,601595.XSHG,50.84
2239,601500.XSHG,61.93
2240,300310.XSHE,62.14
2241,300343.XSHE,52.77
2242,601636.XSHG,10.67
2243,601005.XSHG,-2.61
2244,002233.XSHE,19.86
2245,600125.XSHG,40.53
2246,002371.XSHE,111.5
2247,300601.XSHE,214.93
2248,002662.XSHE,17.32
2249,000901.XSHE,107.3
2250,601003.XSHG,29.39
2251,000029.XSHE,35.87
2252,600151.XSHG,374.67
2253,002440.XSHE,14.85
2254,000681.XSHE,51.84
2255,603588.XSHG,65.98
2256,000697.XSHE,-226.37
2257,600395.XSHG,20.05
2258,600403.XSHG,-8.48
2259,002048.XSHE,14.27
2260,002155.XSHE,52.48
2261,603803.XSHG,44.75
2262,000831.XSHE,269.34
2263,002414.XSHE,136.13
2264,601666.XSHG,10.72
2265,002419.XSHE,20.31
2266,300285.XSHE,71.75
2267,300032.XSHE,169.35
2268,600064.XSHG,15.1
2269,600758.XSHG,22.11
2270,002421.XSHE,40.58
2271,000150.XSHE,-67.39
2272,002056.XSHE,28.2
2273,601799.XSHG,30.81
2274,600165.XSHG,-67.71
2275,000926.XSHE,19.23
2276,600335.XSHG,19.52
2277,000025.XSHE,452.45
2278,300323.XSHE,31.94
2279,000902.XSHE,20.28
2280,002368.XSHE,38.29
2281,600693.XSHG,106.68
2282,603989.XSHG,40.53
2283,000049.XSHE,40.63
2284,600057.XSHG,23.83
2285,600797.XSHG,43.21
2286,600006.XSHG,69.23
2287,002041.XSHE,31.67
2288,000877.XSHE,74.49
2289,600859.XSHG,20.2
2290,300208.XSHE,40.84
2291,002413.XSHE,106.16
2292,603883.XSHG,35.35
2293,002759.XSHE,82.96
2294,002705.XSHE,26.0
2295,300064.XSHE,72.73
2296,002326.XSHE,29.21
2297,000042.XSHE,48.79
2298,603118.XSHG,33.39
2299,000875.XSHE,-260.17
2300,600618.XSHG,-42.31
2301,002247.XSHE,26.67
2302,000810.XSHE,32.08
2303,000006.XSHE,14.2
2304,600621.XSHG,262.62
2305,601020.XSHG,55.37
2306,603699.XSHG,57.91
2307,601515.XSHG,20.92
2308,600316.XSHG,1350.21
2309,600158.XSHG,199.36
2310,000928.XSHE,23.27
2311,603626.XSHG,63.87
2312,600259.XSHG,127.55
2313,000541.XSHE,11.02
2314,000933.XSHE,56.04
2315,002544.XSHE,111.1
2316,600963.XSHG,313.02
2317,600162.XSHG,17.59
2318,000021.XSHE,66.49
2319,002346.XSHE,444.88
2320,600728.XSHG,90.83
2321,300010.XSHE,41.14
2322,600478.XSHG,-57.33
2323,300085.XSHE,147.33
2324,000828.XSHE,14.07
2325,000910.XSHE,21.81
2326,002684.XSHE,127.15
2327,600116.XSHG,51.7
2328,002191.XSHE,23.75
2329,600273.XSHG,15.28
2330,002709.XSHE,31.04
2331,601311.XSHG,23.53
2332,002303.XSHE,50.49
2333,600594.XSHG,30.05
2334,600269.XSHG,9.43
2335,000958.XSHE,68.39
2336,603678.XSHG,61.46
2337,000501.XSHE,11.88
2338,300309.XSHE,-29.73
2339,600172.XSHG,32.07
2340,002531.XSHE,29.19
2341,300083.XSHE,48.61
2342,002375.XSHE,42.32
2343,601222.XSHG,24.24
2344,600416.XSHG,126.45
2345,600710.XSHG,42.51
2346,002122.XSHE,-49.45
2347,300180.XSHE,109.52
2348,000988.XSHE,51.09
2349,603169.XSHG,-425.59
2350,002343.XSHE,41.14
2351,002547.XSHE,83.27
2352,600039.XSHG,11.99
2353,002850.XSHE,52.34
2354,600841.XSHG,120.44
2355,600745.XSHG,68.48
2356,002498.XSHE,28.42
2357,002175.XSHE,137.6
2358,002638.XSHE,-29.77
2359,600617.XSHG,44.15
2360,600400.XSHG,76.3
2361,000090.XSHE,18.85
2362,002121.XSHE,40.1
2363,000932.XSHE,183.49
2364,603881.XSHG,149.3
2365,000717.XSHE,24.89
2366,300317.XSHE,34.09
2367,600491.XSHG,31.25
2368,600675.XSHG,16.61
2369,002028.XSHE,39.1
2370,002711.XSHE,57.08
2371,600986.XSHG,25.0
2372,600856.XSHG,23.87
2373,300269.XSHE,29.94
2374,600282.XSHG,14.09
2375,000806.XSHE,1021.74
2376,603025.XSHG,51.35
2377,000065.XSHE,26.13
2378,002647.XSHE,100.8
2379,002461.XSHE,109.52
2380,002250.XSHE,52.68
2381,600801.XSHG,18.52
2382,000687.XSHE,99.26
2383,300118.XSHE,30.7
2384,300090.XSHE,106.35
2385,300432.XSHE,48.72
2386,002261.XSHE,59.65
2387,600562.XSHG,55.63
2388,002482.XSHE,30.78
2389,300038.XSHE,117.51
2390,600845.XSHG,37.32
2391,601366.XSHG,34.28
2392,300166.XSHE,37.27
2393,300347.XSHE,89.06
2394,300203.XSHE,31.48
2395,600611.XSHG,19.67
2396,600090.XSHG,24.59
2397,300253.XSHE,24.58
2398,002694.XSHE,385.01
2399,600828.XSHG,21.84
2400,000727.XSHE,-63.55
2401,601886.XSHG,36.32
2402,002636.XSHE,28.49
2403,000544.XSHE,43.44
2404,002035.XSHE,36.42
2405,000918.XSHE,46.87
2406,600185.XSHG,18.39
2407,300316.XSHE,54.53
2408,600329.XSHG,29.87
2409,000155.XSHE,14.05
2410,002203.XSHE,21.08
2411,002239.XSHE,29.11
2412,300482.XSHE,84.77
2413,600072.XSHG,-308.84
2414,600604.XSHG,113.4
2415,000056.XSHE,90.15
2416,002699.XSHE,63.18
2417,300287.XSHE,36.54
2418,600017.XSHG,64.39
2419,603806.XSHG,16.66
2420,600180.XSHG,20.02
2421,000976.XSHE,310.75
2422,600240.XSHG,11.39
2423,300148.XSHE,45.17
2424,600122.XSHG,26.56
2425,600622.XSHG,39.51
2426,300237.XSHE,27.46
2427,002668.XSHE,43.44
2428,600872.XSHG,32.13
2429,600640.XSHG,331.7
2430,002314.XSHE,76.7
2431,002262.XSHE,40.86
2432,000031.XSHE,19.51
2433,600120.XSHG,17.82
2434,002407.XSHE,30.6
2435,300014.XSHE,49.68
2436,000690.XSHE,24.76
2437,300297.XSHE,37.26
2438,600771.XSHG,96.56
2439,600783.XSHG,38.54
2440,600428.XSHG,222.84
2441,600748.XSHG,22.08
2442,600198.XSHG,-7.67
2443,002176.XSHE,65.42
2444,600054.XSHG,39.53
2445,002600.XSHE,47.41
2446,603421.XSHG,35.25
2447,601717.XSHG,115.68
2448,600701.XSHG,98.08
2449,600380.XSHG,27.96
2450,600058.XSHG,-109.73
2451,300068.XSHE,40.52
2452,002030.XSHE,127.13
2453,300098.XSHE,42.15
2454,600996.XSHG,41.33
2455,300274.XSHE,24.28
2456,600568.XSHG,41.75
2457,300199.XSHE,43.83
2458,002545.XSHE,97.39
2459,600565.XSHG,17.47
2460,000712.XSHE,37.79
2461,300529.XSHE,63.95
2462,002501.XSHE,24.68
2463,002185.XSHE,32.21
2464,603555.XSHG,47.01
2465,002690.XSHE,44.24
2466,600862.XSHG,92.37
2467,000968.XSHE,31.1
2468,000018.XSHE,28.0
2469,002281.XSHE,45.2
2470,600664.XSHG,18.89
2471,002080.XSHE,30.08
2472,600477.XSHG,26.16
2473,300026.XSHE,20.93
2474,002168.XSHE,159.49
2475,002570.XSHE,-16.81
2476,000662.XSHE,34.11
2477,000615.XSHE,165.32
2478,600881.XSHG,122.97
2479,300616.XSHE,52.23
2480,600252.XSHG,28.39
2481,000666.XSHE,18.45
2482,002815.XSHE,36.51
2483,000758.XSHE,43.8
2484,002489.XSHE,106.13
2485,002389.XSHE,119.51
2486,300463.XSHE,43.68
2487,002242.XSHE,20.22
2488,002113.XSHE,242.3
2489,002138.XSHE,40.76
2490,601567.XSHG,17.26
2491,000975.XSHE,65.28
2492,603877.XSHG,33.51
2493,600777.XSHG,-96.8
2494,603567.XSHG,25.52
2495,600086.XSHG,53.13
2496,000620.XSHE,27.27
2497,600755.XSHG,13.11
2498,600803.XSHG,21.9
2499,002273.XSHE,51.6
2500,002151.XSHE,215.88
2501,000766.XSHE,64.69
2502,600093.XSHG,20.57
2503,600597.XSHG,22.82
2504,601107.XSHG,14.69
2505,600978.XSHG,19.62
2506,000426.XSHE,77.34
2507,002643.XSHE,44.45
2508,000547.XSHE,57.01
2509,600138.XSHG,29.8
2510,002128.XSHE,11.5
2511,603298.XSHG,35.77
2512,600936.XSHG,59.08
2513,600681.XSHG,25.69
2514,002477.XSHE,16.94
2515,600490.XSHG,140.08
2516,002581.XSHE,35.74
2517,000970.XSHE,45.58
2518,603568.XSHG,40.72
2519,000517.XSHE,30.16
2520,600348.XSHG,17.72
2521,000061.XSHE,167.35
2522,603328.XSHG,25.46
2523,603569.XSHG,45.11
2524,300207.XSHE,31.47
2525,002390.XSHE,59.21
2526,600260.XSHG,67.73
2527,002537.XSHE,51.57
2528,603198.XSHG,21.16
2529,603000.XSHG,689.32
2530,002249.XSHE,31.39
2531,600053.XSHG,23.33
2532,600143.XSHG,24.76
2533,002299.XSHE,23.95
2534,002672.XSHE,27.67
2535,000676.XSHE,34.48
2536,000761.XSHE,14.74
2537,603899.XSHG,30.0
2538,002611.XSHE,168.98
2539,600175.XSHG,55.56
2540,603369.XSHG,18.51
2541,603517.XSHG,37.47
2542,600446.XSHG,85.54
2543,002285.XSHE,19.83
2544,603377.XSHG,59.38
2545,600110.XSHG,291.04
2546,002653.XSHE,34.12
2547,600388.XSHG,23.13
2548,300294.XSHE,51.66
2549,600759.XSHG,285.11
2550,002437.XSHE,23.13
2551,002665.XSHE,145.8
2552,000587.XSHE,15.73
2553,600270.XSHG,15.04
2554,300355.XSHE,42.18
2555,603766.XSHG,17.42
2556,002108.XSHE,30.11
2557,300055.XSHE,53.51
2558,002091.XSHE,25.74
2559,600869.XSHG,74.25
2560,002522.XSHE,154.07
2561,600667.XSHG,69.75
2562,000563.XSHE,32.32
2563,601233.XSHG,12.17
2564,000078.XSHE,33.57
2565,000685.XSHE,15.78
2566,002429.XSHE,38.34
2567,002444.XSHE,25.49
2568,002004.XSHE,29.37
2569,600226.XSHG,61.17
2570,002358.XSHE,46.1
2571,000022.XSHE,28.97
2572,002642.XSHE,66.95
2573,000979.XSHE,100.71
2574,000034.XSHE,32.31
2575,600567.XSHG,22.09
2576,000989.XSHE,24.62
2577,002439.XSHE,61.03
2578,600839.XSHG,43.36
2579,000059.XSHE,9.0
2580,002268.XSHE,166.96
2581,002018.XSHE,37.12
2582,002701.XSHE,16.04
2583,603866.XSHG,38.21
2584,000536.XSHE,41.56
2585,002821.XSHE,60.3
2586,002287.XSHE,55.22
2587,002680.XSHE,35.72
2588,300291.XSHE,40.42
2589,600655.XSHG,25.38
2590,600884.XSHG,44.02
2591,300168.XSHE,68.53
2592,002568.XSHE,-258.95
2593,600917.XSHG,43.91
2594,600483.XSHG,15.3
2595,300058.XSHE,26.7
2596,600426.XSHG,16.91
2597,002431.XSHE,112.69
2598,603218.XSHG,48.93
2599,002491.XSHE,30.32
2600,300002.XSHE,32.12
2601,601016.XSHG,75.64
2602,300146.XSHE,27.67
2603,002512.XSHE,125.33
2604,002530.XSHE,222.28
2605,600409.XSHG,14.39
2606,600635.XSHG,31.02
2607,300244.XSHE,59.15
2608,000982.XSHE,-14.77
2609,002681.XSHE,43.86
2610,002019.XSHE,21.54
2611,300001.XSHE,64.43
2612,601168.XSHG,69.52
2613,000555.XSHE,67.03
2614,000598.XSHE,19.59
2615,603658.XSHG,45.91
2616,000878.XSHE,46.92
2617,000009.XSHE,70.64
2618,000917.XSHE,54.61
2619,002078.XSHE,12.35
2620,601069.XSHG,116.63
2621,002595.XSHE,22.95
2622,600146.XSHG,440.52
2623,002372.XSHE,24.63
2624,000960.XSHE,57.01
2625,000550.XSHE,14.92
2626,000582.XSHE,36.76
2627,600981.XSHG,23.12
2628,300257.XSHE,170.63
2629,000800.XSHE,-46.12
2630,000400.XSHE,19.3
2631,600511.XSHG,30.12
2632,002867.XSHE,38.13
2633,601127.XSHG,28.62
2634,600392.XSHG,1176.86
2635,300367.XSHE,48.39
2636,300450.XSHE,51.57
2637,600550.XSHG,143.89
2638,600325.XSHG,11.63
2639,600307.XSHG,30.08
2640,600516.XSHG,132.57
2641,600970.XSHG,32.38
2642,603556.XSHG,31.81
2643,002212.XSHE,628.95
2644,600572.XSHG,36.38
2645,002210.XSHE,11.32
2646,600575.XSHG,37.74
2647,600183.XSHG,19.84
2648,600525.XSHG,30.15
2649,600584.XSHG,150.66
2650,002353.XSHE,204.12
2651,600258.XSHG,73.7
2652,000935.XSHE,180.42
2653,000813.XSHE,25.4
2654,000040.XSHE,97.15
2655,600466.XSHG,15.87
2656,600179.XSHG,37.73
2657,000429.XSHE,16.12
2658,300459.XSHE,60.8
2659,600167.XSHG,21.32
2660,603888.XSHG,62.93
2661,600126.XSHG,21.61
2662,002110.XSHE,13.75
2663,002408.XSHE,26.89
2664,002373.XSHE,52.03
2665,002302.XSHE,80.46
2666,600787.XSHG,31.33
2667,002183.XSHE,32.92
2668,002038.XSHE,41.56
2669,600863.XSHG,109.66
2670,300222.XSHE,61.66
2671,600864.XSHG,47.96
2672,300134.XSHE,227.9
2673,000566.XSHE,104.77
2674,600673.XSHG,131.0
2675,002818.XSHE,31.82
2676,603019.XSHG,85.11
2677,300088.XSHE,44.49
2678,000089.XSHE,31.88
2679,600060.XSHG,12.25
2680,000591.XSHE,26.24
2681,600811.XSHG,29.73
2682,000729.XSHE,57.68
2683,002745.XSHE,33.12
2684,600823.XSHG,8.68
2685,000977.XSHE,77.2
2686,002002.XSHE,18.2
2687,600582.XSHG,20.02
2688,002400.XSHE,31.51
2689,300133.XSHE,36.65
2690,000718.XSHE,16.98
2691,600062.XSHG,24.19
2692,002221.XSHE,30.16
2693,300142.XSHE,223.37
2694,002366.XSHE,42.14
2695,002410.XSHE,43.02
2696,600548.XSHG,14.79
2697,000519.XSHE,161.55
2698,002049.XSHE,57.35
2699,000807.XSHE,69.57
2700,601139.XSHG,23.97
2701,600418.XSHG,16.25
2702,002127.XSHE,60.56
2703,603323.XSHG,28.3
2704,000088.XSHE,52.84
2705,603444.XSHG,27.15
2706,300383.XSHE,52.26
2707,000921.XSHE,15.77
2708,603228.XSHG,32.38
2709,002635.XSHE,48.49
2710,000012.XSHE,24.86
2711,600737.XSHG,26.25
2712,600166.XSHG,32.79
2713,600687.XSHG,47.83
2714,600312.XSHG,15.62
2715,600291.XSHG,9.1
2716,600094.XSHG,19.71
2717,600598.XSHG,21.5
2718,002505.XSHE,158.59
2719,600298.XSHG,30.41
2720,600639.XSHG,27.13
2721,603986.XSHG,92.8
2722,000661.XSHE,38.62
2723,601952.XSHG,36.86
2724,002152.XSHE,21.03
2725,600873.XSHG,16.86
2726,600420.XSHG,36.75
2727,601200.XSHG,38.43
2728,600751.XSHG,67.83
2729,300113.XSHE,35.13
2730,000990.XSHE,59.1
2731,000881.XSHE,65.25
2732,600648.XSHG,25.07
2733,002001.XSHE,15.46
2734,600315.XSHG,100.5
2735,603113.XSHG,31.36
2736,600004.XSHG,13.65
2737,002434.XSHE,41.52
2738,002195.XSHE,26.56
2739,000939.XSHE,57.99
2740,600614.XSHG,162.57
2741,600848.XSHG,43.81
2742,000732.XSHE,12.38
2743,002292.XSHE,43.15
2744,600885.XSHG,32.63
2745,600718.XSHG,10.81
2746,600346.XSHG,14.98
2747,000997.XSHE,34.01
2748,002603.XSHE,34.66
2749,603077.XSHG,46.02
2750,603603.XSHG,120.17
2751,300145.XSHE,35.75
2752,603515.XSHG,38.48
2753,601811.XSHG,30.59
2754,601106.XSHG,-3.75
2755,600500.XSHG,87.72
2756,600835.XSHG,13.83
2757,000158.XSHE,55.78
2758,600521.XSHG,39.16
2759,600037.XSHG,28.36
2760,002131.XSHE,34.8
2761,600435.XSHG,494.38
2762,600201.XSHG,28.57
2763,601689.XSHG,31.1
2764,000008.XSHE,39.79
2765,300376.XSHE,41.74
2766,002354.XSHE,30.7
2767,002340.XSHE,69.22
2768,002244.XSHE,14.35
2769,603589.XSHG,24.71
2770,600098.XSHG,38.9
2771,002670.XSHE,39.52
2772,600007.XSHG,31.12
2773,300197.XSHE,39.85
2774,600879.XSHG,41.74
2775,000793.XSHE,29.11
2776,601699.XSHG,15.65
2777,300324.XSHE,48.63
2778,603355.XSHG,39.68
2779,002573.XSHE,28.29
2780,002147.XSHE,13.8
2781,600666.XSHG,44.31
2782,600012.XSHG,21.96
2783,600277.XSHG,69.96
2784,002384.XSHE,145.59
2785,000703.XSHE,19.03
2786,600643.XSHG,33.97
2787,000156.XSHE,35.64
2788,002506.XSHE,-84.7
2789,002503.XSHE,50.67
2790,603816.XSHG,34.77
2791,000060.XSHE,36.45
2792,600338.XSHG,26.06
2793,601258.XSHG,47.12
2794,600256.XSHG,104.43
2795,601118.XSHG,134.67
2796,002129.XSHE,54.23
2797,601969.XSHG,-123.45
2798,600317.XSHG,39.59
2799,600022.XSHG,118.85
2800,000937.XSHE,41.75
2801,000488.XSHE,9.3
2802,002223.XSHE,40.53
2803,600875.XSHG,-13.47
2804,601588.XSHG,30.89
2805,002051.XSHE,16.83
2806,600967.XSHG,43.81
2807,601958.XSHG,158.47
2808,601163.XSHG,27.08
2809,600939.XSHG,75.55
2810,002470.XSHE,21.7
2811,600623.XSHG,42.89
2812,600612.XSHG,19.82
2813,600654.XSHG,124.83
2814,002153.XSHE,56.82
2815,600266.XSHG,16.3
2816,000686.XSHE,20.22
2817,000503.XSHE,1435.05
2818,002509.XSHE,54.61
2819,002422.XSHE,39.47
2820,000581.XSHE,11.75
2821,000869.XSHE,23.51
2822,002405.XSHE,129.7
2823,600438.XSHG,19.55
2824,000738.XSHE,105.77
2825,002179.XSHE,30.05
2826,600549.XSHG,87.74
2827,002517.XSHE,28.85
2828,000750.XSHE,25.11
2829,002424.XSHE,44.92
2830,300116.XSHE,33.6
2831,000671.XSHE,17.34
2832,300558.XSHE,67.13
2833,002563.XSHE,15.96
2834,600717.XSHG,18.23
2835,002359.XSHE,-381.83
2836,603225.XSHG,26.13
2837,603868.XSHG,34.44
2838,002465.XSHE,44.26
2839,600161.XSHG,63.99
2840,300628.XSHE,46.56
2841,300027.XSHE,48.8
2842,000825.XSHE,11.58
2843,600588.XSHG,94.83
2844,600570.XSHG,-2110.3401
2845,300159.XSHE,94.45
2846,300267.XSHE,21.98
2847,600498.XSHG,30.39
2848,600320.XSHG,105.31
2849,002219.XSHE,59.18
2850,600497.XSHG,-18.37
2851,002074.XSHE,25.93
2852,601608.XSHG,-15.11
2853,600754.XSHG,33.02
2854,000983.XSHE,28.39
2855,002385.XSHE,25.81
2856,000425.XSHE,60.64
2857,002174.XSHE,35.54
2858,002050.XSHE,27.12
2859,000623.XSHE,14.15
2860,300315.XSHE,54.54
2861,600393.XSHG,27.73
2862,300251.XSHE,34.42
2863,600808.XSHG,9.91
2864,002807.XSHE,31.69
2865,000401.XSHE,50.29
2866,600804.XSHG,32.67
2867,601928.XSHG,20.36
2868,000596.XSHE,27.71
2869,002013.XSHE,40.65
2870,601966.XSHG,25.11
2871,002542.XSHE,98.89
2872,002589.XSHE,31.52
2873,002092.XSHE,10.11
2874,300266.XSHE,102.0
2875,600026.XSHG,12.97
2876,000062.XSHE,56.67
2877,000559.XSHE,30.18
2878,300182.XSHE,26.01
2879,000820.XSHE,69.7
2880,600739.XSHG,18.81
2881,000600.XSHE,24.92
2882,002399.XSHE,135.2
2883,600633.XSHG,15.02
2884,000961.XSHE,62.39
2885,000987.XSHE,34.55
2886,000050.XSHE,36.47
2887,600895.XSHG,34.85
2888,600827.XSHG,30.21
2889,300115.XSHE,34.62
2890,600079.XSHG,29.41
2891,002583.XSHE,81.93
2892,000786.XSHE,21.26
2893,300418.XSHE,41.45
2894,601801.XSHG,18.1
2895,601021.XSHG,29.37
2896,002640.XSHE,56.02
2897,002180.XSHE,-28.46
2898,002426.XSHE,69.36
2899,600038.XSHG,57.92
2900,000513.XSHE,31.77
2901,600649.XSHG,13.31
2902,000629.XSHE,-4.54
2903,002500.XSHE,47.38
2904,600809.XSHG,33.94
2905,002081.XSHE,15.57
2906,000998.XSHE,46.13
2907,601000.XSHG,19.22
2908,600566.XSHG,26.18
2909,603885.XSHG,22.0
2910,603799.XSHG,75.32
2911,600160.XSHG,72.55
2912,600056.XSHG,26.36
2913,600642.XSHG,11.3
2914,000792.XSHE,-402.45
2915,601099.XSHG,47.96
2916,601872.XSHG,16.96
2917,002271.XSHE,26.02
2918,000887.XSHE,27.99
2919,600372.XSHG,71.4
2920,600176.XSHG,16.83
2921,600021.XSHG,41.96
2922,002143.XSHE,37.04
2923,000066.XSHE,204.01
2924,002831.XSHE,30.41
2925,002311.XSHE,31.82
2926,000826.XSHE,25.56
2927,002841.XSHE,36.9
2928,000723.XSHE,26.98
2929,002280.XSHE,86.5
2930,601128.XSHG,26.57
2931,600373.XSHG,20.59
2932,600699.XSHG,52.92
2933,000027.XSHE,22.8
2934,000630.XSHE,69.57
2935,601179.XSHG,23.88
2936,000539.XSHE,40.31
2937,300017.XSHE,23.84
2938,002714.XSHE,10.92
2939,600908.XSHG,31.46
2940,600578.XSHG,23.32
2941,600376.XSHG,19.41
2942,000540.XSHE,10.11
2943,600487.XSHG,19.72
2944,600350.XSHG,9.29
2945,000418.XSHE,23.33
2946,000999.XSHE,23.23
2947,601231.XSHG,29.3
2948,600155.XSHG,-360.94
2949,002773.XSHE,54.11
2950,600820.XSHG,17.66
2951,600219.XSHG,21.61
2952,600867.XSHG,43.44
2953,300144.XSHE,31.48
2954,000778.XSHE,47.57
2955,002032.XSHE,25.95
2956,002217.XSHE,30.18
2957,601098.XSHG,16.75
2958,600528.XSHG,195.5
2959,002601.XSHE,30.34
2960,000883.XSHE,15.73
2961,601012.XSHG,17.9
2962,600704.XSHG,13.61
2963,600369.XSHG,51.86
2964,000981.XSHE,60.1
2965,300024.XSHE,74.81
2966,600074.XSHG,37.41
2967,000627.XSHE,28.43
2968,002065.XSHE,26.13
2969,000408.XSHE,34.64
2970,600352.XSHG,14.03
2971,601333.XSHG,28.1
2972,002460.XSHE,64.1
2973,600583.XSHG,48.99
2974,002839.XSHE,45.29
2975,300296.XSHE,42.04
2976,002294.XSHE,22.61
2977,600998.XSHG,34.74
2978,002797.XSHE,60.33
2979,600118.XSHG,80.91
2980,600874.XSHG,69.33
2981,300033.XSHE,27.68
2982,002007.XSHE,38.51
2983,000028.XSHE,26.97
2984,600153.XSHG,11.06
2985,000157.XSHE,-173.33
2986,600089.XSHG,14.56
2987,600150.XSHG,-11.74
2988,601117.XSHG,19.4
2989,002602.XSHE,65.02
2990,000876.XSHE,13.5
2991,600170.XSHG,15.76
2992,300156.XSHE,46.78
2993,601555.XSHG,22.67
2994,600436.XSHG,54.01
2995,600522.XSHG,19.45
2996,601611.XSHG,41.2
2997,000402.XSHE,13.18
2998,300122.XSHE,1005.97
2999,300015.XSHE,57.2
3000,002572.XSHE,49.54
3001,002493.XSHE,14.37
3002,600236.XSHG,15.76
3003,002008.XSHE,43.65
3004,600271.XSHG,22.18
3005,000839.XSHE,174.36
3006,601155.XSHG,10.73
3007,600299.XSHG,21.62
3008,600109.XSHG,27.68
3009,601997.XSHG,9.24
3010,300136.XSHE,53.39
3011,000728.XSHE,24.71
3012,600489.XSHG,90.85
3013,002075.XSHE,110.28
3014,600177.XSHG,14.25
3015,002085.XSHE,36.03
3016,300003.XSHE,48.76
3017,000656.XSHE,28.67
3018,601158.XSHG,27.29
3019,000959.XSHE,23.15
3020,601718.XSHG,27.89
3021,300408.XSHE,34.02
3022,002044.XSHE,101.62
3023,600715.XSHG,56.95
3024,000898.XSHE,11.18
3025,600909.XSHG,59.98
3026,601880.XSHG,66.07
3027,600008.XSHG,60.35
3028,002508.XSHE,29.14
3029,300124.XSHE,39.85
3030,600682.XSHG,76.88
3031,600977.XSHG,42.59
3032,002468.XSHE,29.38
3033,601877.XSHG,17.8
3034,601216.XSHG,21.67
3035,002202.XSHE,14.26
3036,000415.XSHE,16.3
3037,600111.XSHG,253.75
3038,002411.XSHE,45.45
3039,600406.XSHG,27.83
3040,601375.XSHG,58.64
3041,600959.XSHG,47.46
3042,002230.XSHE,83.56
3043,002608.XSHE,48.1
3044,600674.XSHG,12.03
3045,600685.XSHG,466.02
3046,000564.XSHE,73.18
3047,600208.XSHG,6.83
3048,600100.XSHG,-35.8
3049,600515.XSHG,51.47
3050,002456.XSHE,53.57
3051,600415.XSHG,27.65
3052,600398.XSHG,13.39
3053,600485.XSHG,54.36
3054,603160.XSHG,44.42
3055,000100.XSHE,23.96
3056,600066.XSHG,10.79
3057,601866.XSHG,27.36
3058,600085.XSHG,45.05
3059,600600.XSHG,39.97
3060,600535.XSHG,35.87
3061,000046.XSHE,13.0
3062,000423.XSHE,22.95
3063,000338.XSHE,13.9
3064,600332.XSHG,27.84
3065,600390.XSHG,31.34
3066,002624.XSHE,34.28
3067,002466.XSHE,27.21
3068,600157.XSHG,62.19
3069,000963.XSHE,29.24
3070,002146.XSHE,10.72
3071,601198.XSHG,33.3
3072,002625.XSHE,613.98
3073,603833.XSHG,47.89
3074,002120.XSHE,37.36
3075,002673.XSHE,45.39
3076,600377.XSHG,13.59
3077,600068.XSHG,13.53
3078,300059.XSHE,68.34
3079,600027.XSHG,31.05
3080,600816.XSHG,14.01
3081,002310.XSHE,36.57
3082,000709.XSHE,23.34
3083,600482.XSHG,44.98
3084,000783.XSHE,23.03
3085,600339.XSHG,31.81
3086,000768.XSHE,129.31
3087,601377.XSHG,22.4
3088,000413.XSHE,38.87
3089,002555.XSHE,38.68
3090,002236.XSHE,26.44
3091,600383.XSHG,7.36
3092,600297.XSHG,16.57
3093,000039.XSHE,79.04
3094,603858.XSHG,28.17
3095,600188.XSHG,14.3
3096,600886.XSHG,14.19
3097,600031.XSHG,59.73
3098,600362.XSHG,45.98
3099,600893.XSHG,57.53
3100,002010.XSHE,89.19
3101,600871.XSHG,-3.34
3102,601888.XSHG,28.92
3103,600221.XSHG,21.04
3104,600061.XSHG,23.56
3105,601919.XSHG,-10.56
3106,600705.XSHG,23.78
3107,000938.XSHE,50.64
3108,002241.XSHE,31.76
3109,600547.XSHG,39.75
3110,601225.XSHG,10.33
3111,600926.XSHG,13.75
3112,600637.XSHG,18.85
3113,600660.XSHG,17.52
3114,600233.XSHG,41.15
3115,002475.XSHE,47.57
3116,601228.XSHG,86.11
3117,300104.XSHE,108.35
3118,600741.XSHG,9.94
3119,300070.XSHE,30.17
3120,601212.XSHG,266.29
3121,601600.XSHG,81.13
3122,601808.XSHG,-5.69
3123,600309.XSHG,11.64
3124,002739.XSHE,46.18
3125,601009.XSHG,7.41
3126,601933.XSHG,42.61
3127,000568.XSHE,31.05
3128,600795.XSHG,17.02
3129,000625.XSHE,6.62
3130,000895.XSHE,15.91
3131,002142.XSHE,8.29
3132,601788.XSHG,22.47
3133,601607.XSHG,20.62
3134,601991.XSHG,-25.62
3135,000069.XSHE,9.84
3136,601899.XSHG,25.09
3137,600688.XSHG,10.42
3138,601901.XSHG,33.02
3139,300072.XSHE,37.96
3140,002450.XSHE,33.67
3141,601898.XSHG,20.74
3142,600703.XSHG,29.85
3143,601018.XSHG,31.07
3144,603993.XSHG,50.17
3145,300433.XSHE,58.18
3146,600196.XSHG,25.45
3147,600023.XSHG,13.15
3148,600009.XSHG,25.63
3149,600663.XSHG,27.85
3150,600029.XSHG,20.08
3151,601992.XSHG,26.44
3152,000063.XSHE,-38.24
3153,600690.XSHG,15.68
3154,600958.XSHG,32.15
3155,600606.XSHG,11.76
3156,000538.XSHE,30.81
3157,600115.XSHG,20.03
3158,601727.XSHG,46.72
3159,600010.XSHG,114.51
3160,002558.XSHE,76.58
3161,600340.XSHG,13.92
3162,002024.XSHE,90.62
3163,002252.XSHE,66.15
3164,601618.XSHG,18.74
3165,600518.XSHG,30.39
3166,600919.XSHG,9.65
3167,603288.XSHG,35.04
3168,002736.XSHE,22.35
3169,600999.XSHG,18.62
3170,600015.XSHG,5.54
3171,600585.XSHG,11.52
3172,000166.XSHE,20.64
3173,600048.XSHG,8.53
3174,601633.XSHG,10.98
3175,002027.XSHE,23.21
3176,600887.XSHG,19.63
3177,601989.XSHG,151.21
3178,601985.XSHG,24.64
3179,601881.XSHG,22.09
3180,600011.XSHG,26.54
3181,601669.XSHG,17.28
3182,601688.XSHG,18.81
3183,000776.XSHE,14.33
3184,300498.XSHE,11.98
3185,002304.XSHE,20.38
3186,601006.XSHG,15.09
3187,601169.XSHG,7.32
3188,601111.XSHG,22.61
3189,600019.XSHG,11.83
3190,002594.XSHE,27.55
3191,601229.XSHG,9.48
3192,600276.XSHG,50.75
3193,600018.XSHG,20.57
3194,000725.XSHE,34.84
3195,000617.XSHE,26.23
3196,000001.XSHE,6.57
3197,601336.XSHG,31.33
3198,001979.XSHE,14.24
3199,601211.XSHG,15.69
3200,601186.XSHG,11.0
3201,600050.XSHG,560.14
3202,600837.XSHG,19.43
3203,601238.XSHG,21.3
3204,000858.XSHE,23.91
3205,601818.XSHG,5.9
3206,600030.XSHG,17.27
3207,601390.XSHG,15.16
3208,000651.XSHE,12.23
3209,000002.XSHE,10.13
3210,002352.XSHE,51.76
3211,000333.XSHE,15.19
3212,601800.XSHG,13.75
3213,002415.XSHE,31.61
3214,601601.XSHG,21.28
3215,601668.XSHG,8.92
3216,601766.XSHG,26.97
3217,600016.XSHG,5.9
3218,601998.XSHG,6.95
3219,600900.XSHG,14.76
3220,601166.XSHG,5.89
3221,600000.XSHG,6.05
3222,600104.XSHG,10.29
3223,601088.XSHG,13.1
3224,601328.XSHG,6.52
3225,600036.XSHG,8.13
3226,600519.XSHG,30.85
3227,600028.XSHG,12.44
3228,601628.XSHG,37.04
3229,601318.XSHG,11.58
3230,601988.XSHG,6.46
3231,601288.XSHG,6.02
3232,601857.XSHG,50.79
3233,601939.XSHG,6.48
3234,601398.XSHG,6.36
